{
  "version": 2.12,
  "variables": [
    {
      "code": "fire",
      "type": "image",
      "data": {
        "uri": "%PROJECT%/00d1c0fb-86ce-45c2-86a9-8fb9be9e9d72.png",
        "tint": "#E05858FF",
        "offset": "0, 0",
        "scale": "1, 1"
      }
    },
    {
      "code": "skull",
      "type": "image",
      "data": {
        "uri": "%PROJECT%/6f884bfd-4141-422e-a978-508f172ce117.png",
        "tint": "#BDBDBDFF",
        "offset": "0, 0",
        "scale": "1, 1"
      }
    },
    {
      "code": "sun",
      "type": "image",
      "data": {
        "uri": "%PROJECT%/6e85b4d6-545c-4102-b0e0-2b6ca8f9553a.png",
        "tint": "#F9FFA7FF",
        "offset": "0, 0",
        "scale": "1, 1"
      }
    },
    {
      "code": "tree",
      "type": "image",
      "data": {
        "uri": "%PROJECT%/b0a94b0a-b2a5-4bfe-a0b8-cf74e556db93.png",
        "tint": "#54B654FF",
        "offset": "0, 0",
        "scale": "1, 1"
      }
    },
    {
      "code": "water",
      "type": "image",
      "data": {
        "uri": "%PROJECT%/850b3ef7-15e5-4a10-ac60-2259826af7b1.png",
        "tint": "#9590F6FF",
        "offset": "0, 0",
        "scale": "1, 1"
      }
    }
  ]
}