{
  "version": 2.12,
  "cardset_id": "a42efca3-fb5f-49c2-b277-20fef2fcc7c7",
  "name": "Clubs",
  "blueprint_id": "e8c8489b-eb21-4a18-a8f0-f0a7c489abfa",
  "hint_order_index": 2,
  "cards": [
    {
      "card_id": "e1419710-6ef5-4852-8b9a-790ac1877abb",
      "amount": 1,
      "front_layers": [
        {
          "blueprint_layer_id": "5111eb4c-4bb1-407c-8f7d-4c540a6850d3",
          "panels": [
            {
              "blueprint_panel_id": "c5859f8a-1290-4ea9-b6d6-4f9a7f3c6563",
              "type": "icon",
              "data": {
                "uri": "Tabletop/tt1_card_suit_clubs",
                "color_tint": "#424242FF",
                "color_background": "#00000000"
              }
            },
            {
              "blueprint_panel_id": "af5ca667-04d3-4392-9cab-5cddd06a4af7",
              "type": "text",
              "data": {
                "text": "A"
              }
            },
            {
              "blueprint_panel_id": "9624f075-6a44-4a2b-8f21-4727b9b1ab72",
              "type": "icon",
              "data": {
                "uri": "Tabletop/tt1_card_suit_clubs",
                "color_tint": "#424242FF",
                "color_background": "#00000000"
              }
            }
          ]
        }
      ]
    },
    {
      "card_id": "4abf2a85-5a53-408b-a343-1952d26ca999",
      "amount": 1,
      "front_layers": [
        {
          "blueprint_layer_id": "5111eb4c-4bb1-407c-8f7d-4c540a6850d3",
          "panels": [
            {
              "blueprint_panel_id": "c5859f8a-1290-4ea9-b6d6-4f9a7f3c6563",
              "type": "icon",
              "data": {
                "uri": "Tabletop/tt1_card_suit_clubs",
                "color_tint": "#424242FF",
                "color_background": "#00000000"
              }
            },
            {
              "blueprint_panel_id": "af5ca667-04d3-4392-9cab-5cddd06a4af7",
              "type": "text",
              "data": {
                "text": "2"
              }
            },
            {
              "blueprint_panel_id": "9624f075-6a44-4a2b-8f21-4727b9b1ab72",
              "type": "icon",
              "data": {
                "uri": "Tabletop/tt1_card_suit_clubs",
                "color_tint": "#424242FF",
                "color_background": "#00000000"
              }
            }
          ]
        }
      ]
    },
    {
      "card_id": "289f0127-870d-4218-896c-ee18c545618f",
      "amount": 1,
      "front_layers": [
        {
          "blueprint_layer_id": "5111eb4c-4bb1-407c-8f7d-4c540a6850d3",
          "panels": [
            {
              "blueprint_panel_id": "c5859f8a-1290-4ea9-b6d6-4f9a7f3c6563",
              "type": "icon",
              "data": {
                "uri": "Tabletop/tt1_card_suit_clubs",
                "color_tint": "#424242FF",
                "color_background": "#00000000"
              }
            },
            {
              "blueprint_panel_id": "af5ca667-04d3-4392-9cab-5cddd06a4af7",
              "type": "text",
              "data": {
                "text": "3"
              }
            },
            {
              "blueprint_panel_id": "9624f075-6a44-4a2b-8f21-4727b9b1ab72",
              "type": "icon",
              "data": {
                "uri": "Tabletop/tt1_card_suit_clubs",
                "color_tint": "#424242FF",
                "color_background": "#00000000"
              }
            }
          ]
        }
      ]
    },
    {
      "card_id": "eddbf33c-336c-445c-bc41-910034895d32",
      "amount": 1,
      "front_layers": [
        {
          "blueprint_layer_id": "5111eb4c-4bb1-407c-8f7d-4c540a6850d3",
          "panels": [
            {
              "blueprint_panel_id": "c5859f8a-1290-4ea9-b6d6-4f9a7f3c6563",
              "type": "icon",
              "data": {
                "uri": "Tabletop/tt1_card_suit_clubs",
                "color_tint": "#424242FF",
                "color_background": "#00000000"
              }
            },
            {
              "blueprint_panel_id": "af5ca667-04d3-4392-9cab-5cddd06a4af7",
              "type": "text",
              "data": {
                "text": "4"
              }
            },
            {
              "blueprint_panel_id": "9624f075-6a44-4a2b-8f21-4727b9b1ab72",
              "type": "icon",
              "data": {
                "uri": "Tabletop/tt1_card_suit_clubs",
                "color_tint": "#424242FF",
                "color_background": "#00000000"
              }
            }
          ]
        }
      ]
    },
    {
      "card_id": "cce5338e-1a29-49b5-9a80-c071df24020b",
      "amount": 1,
      "front_layers": [
        {
          "blueprint_layer_id": "5111eb4c-4bb1-407c-8f7d-4c540a6850d3",
          "panels": [
            {
              "blueprint_panel_id": "c5859f8a-1290-4ea9-b6d6-4f9a7f3c6563",
              "type": "icon",
              "data": {
                "uri": "Tabletop/tt1_card_suit_clubs",
                "color_tint": "#424242FF",
                "color_background": "#00000000"
              }
            },
            {
              "blueprint_panel_id": "af5ca667-04d3-4392-9cab-5cddd06a4af7",
              "type": "text",
              "data": {
                "text": "5"
              }
            },
            {
              "blueprint_panel_id": "9624f075-6a44-4a2b-8f21-4727b9b1ab72",
              "type": "icon",
              "data": {
                "uri": "Tabletop/tt1_card_suit_clubs",
                "color_tint": "#424242FF",
                "color_background": "#00000000"
              }
            }
          ]
        }
      ]
    },
    {
      "card_id": "de73bca6-ad13-45a6-9c03-b9ec70e85a55",
      "amount": 1,
      "front_layers": [
        {
          "blueprint_layer_id": "5111eb4c-4bb1-407c-8f7d-4c540a6850d3",
          "panels": [
            {
              "blueprint_panel_id": "c5859f8a-1290-4ea9-b6d6-4f9a7f3c6563",
              "type": "icon",
              "data": {
                "uri": "Tabletop/tt1_card_suit_clubs",
                "color_tint": "#424242FF",
                "color_background": "#00000000"
              }
            },
            {
              "blueprint_panel_id": "af5ca667-04d3-4392-9cab-5cddd06a4af7",
              "type": "text",
              "data": {
                "text": "6"
              }
            },
            {
              "blueprint_panel_id": "9624f075-6a44-4a2b-8f21-4727b9b1ab72",
              "type": "icon",
              "data": {
                "uri": "Tabletop/tt1_card_suit_clubs",
                "color_tint": "#424242FF",
                "color_background": "#00000000"
              }
            }
          ]
        }
      ]
    },
    {
      "card_id": "4eb327d4-8a84-4426-a73e-23f13f62c5c3",
      "amount": 1,
      "front_layers": [
        {
          "blueprint_layer_id": "5111eb4c-4bb1-407c-8f7d-4c540a6850d3",
          "panels": [
            {
              "blueprint_panel_id": "c5859f8a-1290-4ea9-b6d6-4f9a7f3c6563",
              "type": "icon",
              "data": {
                "uri": "Tabletop/tt1_card_suit_clubs",
                "color_tint": "#424242FF",
                "color_background": "#00000000"
              }
            },
            {
              "blueprint_panel_id": "af5ca667-04d3-4392-9cab-5cddd06a4af7",
              "type": "text",
              "data": {
                "text": "7"
              }
            },
            {
              "blueprint_panel_id": "9624f075-6a44-4a2b-8f21-4727b9b1ab72",
              "type": "icon",
              "data": {
                "uri": "Tabletop/tt1_card_suit_clubs",
                "color_tint": "#424242FF",
                "color_background": "#00000000"
              }
            }
          ]
        }
      ]
    },
    {
      "card_id": "3860613f-f466-4e15-a656-2ae87b094331",
      "amount": 1,
      "front_layers": [
        {
          "blueprint_layer_id": "5111eb4c-4bb1-407c-8f7d-4c540a6850d3",
          "panels": [
            {
              "blueprint_panel_id": "c5859f8a-1290-4ea9-b6d6-4f9a7f3c6563",
              "type": "icon",
              "data": {
                "uri": "Tabletop/tt1_card_suit_clubs",
                "color_tint": "#424242FF",
                "color_background": "#00000000"
              }
            },
            {
              "blueprint_panel_id": "af5ca667-04d3-4392-9cab-5cddd06a4af7",
              "type": "text",
              "data": {
                "text": "8"
              }
            },
            {
              "blueprint_panel_id": "9624f075-6a44-4a2b-8f21-4727b9b1ab72",
              "type": "icon",
              "data": {
                "uri": "Tabletop/tt1_card_suit_clubs",
                "color_tint": "#424242FF",
                "color_background": "#00000000"
              }
            }
          ]
        }
      ]
    },
    {
      "card_id": "0c63ca69-65d1-4a9e-8151-2538bd8a9b65",
      "amount": 1,
      "front_layers": [
        {
          "blueprint_layer_id": "5111eb4c-4bb1-407c-8f7d-4c540a6850d3",
          "panels": [
            {
              "blueprint_panel_id": "c5859f8a-1290-4ea9-b6d6-4f9a7f3c6563",
              "type": "icon",
              "data": {
                "uri": "Tabletop/tt1_card_suit_clubs",
                "color_tint": "#424242FF",
                "color_background": "#00000000"
              }
            },
            {
              "blueprint_panel_id": "af5ca667-04d3-4392-9cab-5cddd06a4af7",
              "type": "text",
              "data": {
                "text": "9"
              }
            },
            {
              "blueprint_panel_id": "9624f075-6a44-4a2b-8f21-4727b9b1ab72",
              "type": "icon",
              "data": {
                "uri": "Tabletop/tt1_card_suit_clubs",
                "color_tint": "#424242FF",
                "color_background": "#00000000"
              }
            }
          ]
        }
      ]
    },
    {
      "card_id": "adc449ac-7b49-4815-9563-2541efd2acb2",
      "amount": 1,
      "front_layers": [
        {
          "blueprint_layer_id": "5111eb4c-4bb1-407c-8f7d-4c540a6850d3",
          "panels": [
            {
              "blueprint_panel_id": "c5859f8a-1290-4ea9-b6d6-4f9a7f3c6563",
              "type": "icon",
              "data": {
                "uri": "Tabletop/tt1_card_suit_clubs",
                "color_tint": "#424242FF",
                "color_background": "#00000000"
              }
            },
            {
              "blueprint_panel_id": "af5ca667-04d3-4392-9cab-5cddd06a4af7",
              "type": "text",
              "data": {
                "text": "10"
              }
            },
            {
              "blueprint_panel_id": "9624f075-6a44-4a2b-8f21-4727b9b1ab72",
              "type": "icon",
              "data": {
                "uri": "Tabletop/tt1_card_suit_clubs",
                "color_tint": "#424242FF",
                "color_background": "#00000000"
              }
            }
          ]
        }
      ]
    },
    {
      "card_id": "7bfab7e0-f693-42b5-83b5-bb27c4b0e7fe",
      "amount": 1,
      "front_layers": [
        {
          "blueprint_layer_id": "5111eb4c-4bb1-407c-8f7d-4c540a6850d3",
          "panels": [
            {
              "blueprint_panel_id": "c5859f8a-1290-4ea9-b6d6-4f9a7f3c6563",
              "type": "icon",
              "data": {
                "uri": "Tabletop/tt1_card_suit_clubs",
                "color_tint": "#424242FF",
                "color_background": "#00000000"
              }
            },
            {
              "blueprint_panel_id": "af5ca667-04d3-4392-9cab-5cddd06a4af7",
              "type": "text",
              "data": {
                "text": "J"
              }
            },
            {
              "blueprint_panel_id": "9624f075-6a44-4a2b-8f21-4727b9b1ab72",
              "type": "icon",
              "data": {
                "uri": "Tabletop/tt1_card_suit_clubs",
                "color_tint": "#424242FF",
                "color_background": "#00000000"
              }
            }
          ]
        }
      ]
    },
    {
      "card_id": "a12767dc-b945-4e52-b690-fdff58e2054d",
      "amount": 1,
      "front_layers": [
        {
          "blueprint_layer_id": "5111eb4c-4bb1-407c-8f7d-4c540a6850d3",
          "panels": [
            {
              "blueprint_panel_id": "c5859f8a-1290-4ea9-b6d6-4f9a7f3c6563",
              "type": "icon",
              "data": {
                "uri": "Tabletop/tt1_card_suit_clubs",
                "color_tint": "#424242FF",
                "color_background": "#00000000"
              }
            },
            {
              "blueprint_panel_id": "af5ca667-04d3-4392-9cab-5cddd06a4af7",
              "type": "text",
              "data": {
                "text": "Q"
              }
            },
            {
              "blueprint_panel_id": "9624f075-6a44-4a2b-8f21-4727b9b1ab72",
              "type": "icon",
              "data": {
                "uri": "Tabletop/tt1_card_suit_clubs",
                "color_tint": "#424242FF",
                "color_background": "#00000000"
              }
            }
          ]
        }
      ]
    },
    {
      "card_id": "e900a31d-0006-419f-a23d-935df9337933",
      "amount": 1,
      "front_layers": [
        {
          "blueprint_layer_id": "5111eb4c-4bb1-407c-8f7d-4c540a6850d3",
          "panels": [
            {
              "blueprint_panel_id": "c5859f8a-1290-4ea9-b6d6-4f9a7f3c6563",
              "type": "icon",
              "data": {
                "uri": "Tabletop/tt1_card_suit_clubs",
                "color_tint": "#424242FF",
                "color_background": "#00000000"
              }
            },
            {
              "blueprint_panel_id": "af5ca667-04d3-4392-9cab-5cddd06a4af7",
              "type": "text",
              "data": {
                "text": "K"
              }
            },
            {
              "blueprint_panel_id": "9624f075-6a44-4a2b-8f21-4727b9b1ab72",
              "type": "icon",
              "data": {
                "uri": "Tabletop/tt1_card_suit_clubs",
                "color_tint": "#424242FF",
                "color_background": "#00000000"
              }
            }
          ]
        }
      ]
    }
  ]
}