{
  "version": 2.12,
  "cardset_id": "e92a2fac-e4db-4a02-9c37-b8b77c7507b4",
  "name": "Hearts",
  "blueprint_id": "e8c8489b-eb21-4a18-a8f0-f0a7c489abfa",
  "hint_order_index": 1,
  "cards": [
    {
      "card_id": "efcc5dfc-60c2-4646-aa8e-32eabd236206",
      "amount": 1,
      "front_layers": [
        {
          "blueprint_layer_id": "5111eb4c-4bb1-407c-8f7d-4c540a6850d3",
          "panels": [
            {
              "blueprint_panel_id": "c5859f8a-1290-4ea9-b6d6-4f9a7f3c6563",
              "type": "icon",
              "data": {
                "uri": "Basic/st1_life",
                "color_tint": "#F44336FF",
                "color_background": "#00000000"
              }
            },
            {
              "blueprint_panel_id": "af5ca667-04d3-4392-9cab-5cddd06a4af7",
              "type": "text",
              "data": {
                "text": "A"
              }
            },
            {
              "blueprint_panel_id": "9624f075-6a44-4a2b-8f21-4727b9b1ab72",
              "type": "icon",
              "data": {
                "uri": "Basic/st1_life",
                "color_tint": "#F44336FF",
                "color_background": "#00000000"
              }
            }
          ]
        }
      ]
    },
    {
      "card_id": "649674ae-afdc-4182-9080-4a45992ea80a",
      "amount": 1,
      "front_layers": [
        {
          "blueprint_layer_id": "5111eb4c-4bb1-407c-8f7d-4c540a6850d3",
          "panels": [
            {
              "blueprint_panel_id": "c5859f8a-1290-4ea9-b6d6-4f9a7f3c6563",
              "type": "icon",
              "data": {
                "uri": "Basic/st1_life",
                "color_tint": "#F44336FF",
                "color_background": "#00000000"
              }
            },
            {
              "blueprint_panel_id": "af5ca667-04d3-4392-9cab-5cddd06a4af7",
              "type": "text",
              "data": {
                "text": "2"
              }
            },
            {
              "blueprint_panel_id": "9624f075-6a44-4a2b-8f21-4727b9b1ab72",
              "type": "icon",
              "data": {
                "uri": "Basic/st1_life",
                "color_tint": "#F44336FF",
                "color_background": "#00000000"
              }
            }
          ]
        }
      ]
    },
    {
      "card_id": "f57ec1e5-7412-449d-bb17-c11f5de6e463",
      "amount": 1,
      "front_layers": [
        {
          "blueprint_layer_id": "5111eb4c-4bb1-407c-8f7d-4c540a6850d3",
          "panels": [
            {
              "blueprint_panel_id": "c5859f8a-1290-4ea9-b6d6-4f9a7f3c6563",
              "type": "icon",
              "data": {
                "uri": "Basic/st1_life",
                "color_tint": "#F44336FF",
                "color_background": "#00000000"
              }
            },
            {
              "blueprint_panel_id": "af5ca667-04d3-4392-9cab-5cddd06a4af7",
              "type": "text",
              "data": {
                "text": "3"
              }
            },
            {
              "blueprint_panel_id": "9624f075-6a44-4a2b-8f21-4727b9b1ab72",
              "type": "icon",
              "data": {
                "uri": "Basic/st1_life",
                "color_tint": "#F44336FF",
                "color_background": "#00000000"
              }
            }
          ]
        }
      ]
    },
    {
      "card_id": "ea50e7dc-398e-42b8-a6f8-f9d54c9b4db5",
      "amount": 1,
      "front_layers": [
        {
          "blueprint_layer_id": "5111eb4c-4bb1-407c-8f7d-4c540a6850d3",
          "panels": [
            {
              "blueprint_panel_id": "c5859f8a-1290-4ea9-b6d6-4f9a7f3c6563",
              "type": "icon",
              "data": {
                "uri": "Basic/st1_life",
                "color_tint": "#F44336FF",
                "color_background": "#00000000"
              }
            },
            {
              "blueprint_panel_id": "af5ca667-04d3-4392-9cab-5cddd06a4af7",
              "type": "text",
              "data": {
                "text": "4"
              }
            },
            {
              "blueprint_panel_id": "9624f075-6a44-4a2b-8f21-4727b9b1ab72",
              "type": "icon",
              "data": {
                "uri": "Basic/st1_life",
                "color_tint": "#F44336FF",
                "color_background": "#00000000"
              }
            }
          ]
        }
      ]
    },
    {
      "card_id": "f12568e7-a33f-416c-8964-39571867886a",
      "amount": 1,
      "front_layers": [
        {
          "blueprint_layer_id": "5111eb4c-4bb1-407c-8f7d-4c540a6850d3",
          "panels": [
            {
              "blueprint_panel_id": "c5859f8a-1290-4ea9-b6d6-4f9a7f3c6563",
              "type": "icon",
              "data": {
                "uri": "Basic/st1_life",
                "color_tint": "#F44336FF",
                "color_background": "#00000000"
              }
            },
            {
              "blueprint_panel_id": "af5ca667-04d3-4392-9cab-5cddd06a4af7",
              "type": "text",
              "data": {
                "text": "5"
              }
            },
            {
              "blueprint_panel_id": "9624f075-6a44-4a2b-8f21-4727b9b1ab72",
              "type": "icon",
              "data": {
                "uri": "Basic/st1_life",
                "color_tint": "#F44336FF",
                "color_background": "#00000000"
              }
            }
          ]
        }
      ]
    },
    {
      "card_id": "c5c5b07f-37ba-4fbe-ad9c-58ce259648b1",
      "amount": 1,
      "front_layers": [
        {
          "blueprint_layer_id": "5111eb4c-4bb1-407c-8f7d-4c540a6850d3",
          "panels": [
            {
              "blueprint_panel_id": "c5859f8a-1290-4ea9-b6d6-4f9a7f3c6563",
              "type": "icon",
              "data": {
                "uri": "Basic/st1_life",
                "color_tint": "#F44336FF",
                "color_background": "#00000000"
              }
            },
            {
              "blueprint_panel_id": "af5ca667-04d3-4392-9cab-5cddd06a4af7",
              "type": "text",
              "data": {
                "text": "6"
              }
            },
            {
              "blueprint_panel_id": "9624f075-6a44-4a2b-8f21-4727b9b1ab72",
              "type": "icon",
              "data": {
                "uri": "Basic/st1_life",
                "color_tint": "#F44336FF",
                "color_background": "#00000000"
              }
            }
          ]
        }
      ]
    },
    {
      "card_id": "2e17b8f5-e9b1-4d4d-8196-df475a98c0f3",
      "amount": 1,
      "front_layers": [
        {
          "blueprint_layer_id": "5111eb4c-4bb1-407c-8f7d-4c540a6850d3",
          "panels": [
            {
              "blueprint_panel_id": "c5859f8a-1290-4ea9-b6d6-4f9a7f3c6563",
              "type": "icon",
              "data": {
                "uri": "Basic/st1_life",
                "color_tint": "#F44336FF",
                "color_background": "#00000000"
              }
            },
            {
              "blueprint_panel_id": "af5ca667-04d3-4392-9cab-5cddd06a4af7",
              "type": "text",
              "data": {
                "text": "7"
              }
            },
            {
              "blueprint_panel_id": "9624f075-6a44-4a2b-8f21-4727b9b1ab72",
              "type": "icon",
              "data": {
                "uri": "Basic/st1_life",
                "color_tint": "#F44336FF",
                "color_background": "#00000000"
              }
            }
          ]
        }
      ]
    },
    {
      "card_id": "f3c12441-fc26-4a06-a9b0-da0a6b6938e4",
      "amount": 1,
      "front_layers": [
        {
          "blueprint_layer_id": "5111eb4c-4bb1-407c-8f7d-4c540a6850d3",
          "panels": [
            {
              "blueprint_panel_id": "c5859f8a-1290-4ea9-b6d6-4f9a7f3c6563",
              "type": "icon",
              "data": {
                "uri": "Basic/st1_life",
                "color_tint": "#F44336FF",
                "color_background": "#00000000"
              }
            },
            {
              "blueprint_panel_id": "af5ca667-04d3-4392-9cab-5cddd06a4af7",
              "type": "text",
              "data": {
                "text": "8"
              }
            },
            {
              "blueprint_panel_id": "9624f075-6a44-4a2b-8f21-4727b9b1ab72",
              "type": "icon",
              "data": {
                "uri": "Basic/st1_life",
                "color_tint": "#F44336FF",
                "color_background": "#00000000"
              }
            }
          ]
        }
      ]
    },
    {
      "card_id": "18513023-3607-4106-9245-7ba9093fa7a1",
      "amount": 1,
      "front_layers": [
        {
          "blueprint_layer_id": "5111eb4c-4bb1-407c-8f7d-4c540a6850d3",
          "panels": [
            {
              "blueprint_panel_id": "c5859f8a-1290-4ea9-b6d6-4f9a7f3c6563",
              "type": "icon",
              "data": {
                "uri": "Basic/st1_life",
                "color_tint": "#F44336FF",
                "color_background": "#00000000"
              }
            },
            {
              "blueprint_panel_id": "af5ca667-04d3-4392-9cab-5cddd06a4af7",
              "type": "text",
              "data": {
                "text": "9"
              }
            },
            {
              "blueprint_panel_id": "9624f075-6a44-4a2b-8f21-4727b9b1ab72",
              "type": "icon",
              "data": {
                "uri": "Basic/st1_life",
                "color_tint": "#F44336FF",
                "color_background": "#00000000"
              }
            }
          ]
        }
      ]
    },
    {
      "card_id": "6c6bab9c-b63f-48e8-b371-9d9c21d56394",
      "amount": 1,
      "front_layers": [
        {
          "blueprint_layer_id": "5111eb4c-4bb1-407c-8f7d-4c540a6850d3",
          "panels": [
            {
              "blueprint_panel_id": "c5859f8a-1290-4ea9-b6d6-4f9a7f3c6563",
              "type": "icon",
              "data": {
                "uri": "Basic/st1_life",
                "color_tint": "#F44336FF",
                "color_background": "#00000000"
              }
            },
            {
              "blueprint_panel_id": "af5ca667-04d3-4392-9cab-5cddd06a4af7",
              "type": "text",
              "data": {
                "text": "10"
              }
            },
            {
              "blueprint_panel_id": "9624f075-6a44-4a2b-8f21-4727b9b1ab72",
              "type": "icon",
              "data": {
                "uri": "Basic/st1_life",
                "color_tint": "#F44336FF",
                "color_background": "#00000000"
              }
            }
          ]
        }
      ]
    },
    {
      "card_id": "eea2fe46-df76-4205-8020-3dc5b53dd57a",
      "amount": 1,
      "front_layers": [
        {
          "blueprint_layer_id": "5111eb4c-4bb1-407c-8f7d-4c540a6850d3",
          "panels": [
            {
              "blueprint_panel_id": "c5859f8a-1290-4ea9-b6d6-4f9a7f3c6563",
              "type": "icon",
              "data": {
                "uri": "Basic/st1_life",
                "color_tint": "#F44336FF",
                "color_background": "#00000000"
              }
            },
            {
              "blueprint_panel_id": "af5ca667-04d3-4392-9cab-5cddd06a4af7",
              "type": "text",
              "data": {
                "text": "J"
              }
            },
            {
              "blueprint_panel_id": "9624f075-6a44-4a2b-8f21-4727b9b1ab72",
              "type": "icon",
              "data": {
                "uri": "Basic/st1_life",
                "color_tint": "#F44336FF",
                "color_background": "#00000000"
              }
            }
          ]
        }
      ]
    },
    {
      "card_id": "d916bc8f-8a6f-464a-ac8f-3e029fd8f126",
      "amount": 1,
      "front_layers": [
        {
          "blueprint_layer_id": "5111eb4c-4bb1-407c-8f7d-4c540a6850d3",
          "panels": [
            {
              "blueprint_panel_id": "c5859f8a-1290-4ea9-b6d6-4f9a7f3c6563",
              "type": "icon",
              "data": {
                "uri": "Basic/st1_life",
                "color_tint": "#F44336FF",
                "color_background": "#00000000"
              }
            },
            {
              "blueprint_panel_id": "af5ca667-04d3-4392-9cab-5cddd06a4af7",
              "type": "text",
              "data": {
                "text": "Q"
              }
            },
            {
              "blueprint_panel_id": "9624f075-6a44-4a2b-8f21-4727b9b1ab72",
              "type": "icon",
              "data": {
                "uri": "Basic/st1_life",
                "color_tint": "#F44336FF",
                "color_background": "#00000000"
              }
            }
          ]
        }
      ]
    },
    {
      "card_id": "8c9c5414-8a54-41ae-84c0-c045ce9534c0",
      "amount": 1,
      "front_layers": [
        {
          "blueprint_layer_id": "5111eb4c-4bb1-407c-8f7d-4c540a6850d3",
          "panels": [
            {
              "blueprint_panel_id": "c5859f8a-1290-4ea9-b6d6-4f9a7f3c6563",
              "type": "icon",
              "data": {
                "uri": "Basic/st1_life",
                "color_tint": "#F44336FF",
                "color_background": "#00000000"
              }
            },
            {
              "blueprint_panel_id": "af5ca667-04d3-4392-9cab-5cddd06a4af7",
              "type": "text",
              "data": {
                "text": "K"
              }
            },
            {
              "blueprint_panel_id": "9624f075-6a44-4a2b-8f21-4727b9b1ab72",
              "type": "icon",
              "data": {
                "uri": "Basic/st1_life",
                "color_tint": "#F44336FF",
                "color_background": "#00000000"
              }
            }
          ]
        }
      ]
    }
  ]
}