{
  "version": 2.12,
  "blueprint_id": "73c1fa70-fef9-4945-b8f4-91509fa5ab3a",
  "name": "Specials",
  "layout_size": "63.5, 88.9",
  "layout_grid_size": "0.232, 0.5",
  "main_panel_id": "eaa3306d-4e9c-4470-8544-d58e941833f2",
  "front_layers": [
    {
      "layer_id": "c45a8cd0-f269-49c3-94ee-09075933cd6a",
      "name": "Border",
      "padding": 0.0,
      "spacing": 0.0,
      "panels": [
        {
          "panel_id": "a4f1baee-e6f0-464f-ab6d-25e1896eaaf3",
          "name": "Background Border",
          "enabled": true,
          "locked": true,
          "rotation": 0,
          "padding": "0, 0, 0, 0",
          "material_name": "Blank",
          "material_selection": 0,
          "material_tint": "#00000000",
          "anchor_min": "0, 0",
          "anchor_min_render": "0, 0",
          "anchor_max": "1, 1",
          "anchor_max_render": "1, 1",
          "type": "image",
          "data": {
            "uri": "%PROJECT%/01.png",
            "mask_uri": "",
            "fit_mode": "fit",
            "zoom": 1.0,
            "offset": "0, 0",
            "tint": "#FFFFFFFF"
          },
          "sort_mode": "0",
          "split_mode": "none",
          "parent_panel_id": "00000000-0000-0000-0000-000000000000"
        }
      ]
    },
    {
      "layer_id": "ffca247a-7428-46b0-8660-41af98be25dd",
      "name": "Background",
      "padding": 0.07874016,
      "spacing": 0.03,
      "panels": [
        {
          "panel_id": "2a83b6c3-f52a-4b9f-a881-cc824480a030",
          "name": "Background Image URI",
          "enabled": true,
          "locked": false,
          "rotation": 0,
          "padding": "0, 0, 0, 0",
          "material_name": "Blank",
          "material_selection": 0,
          "material_tint": "#00000000",
          "anchor_min": "0, 0",
          "anchor_min_render": "0, 0",
          "anchor_max": "1, 1",
          "anchor_max_render": "1, 1",
          "type": "image",
          "data": {
            "uri": "%PROJECT%/01.png",
            "mask_uri": "",
            "fit_mode": "fitwidth",
            "zoom": 1.0,
            "offset": "0, 0",
            "tint": "#FF2D00FF"
          },
          "sort_mode": "1",
          "split_mode": "none",
          "parent_panel_id": "00000000-0000-0000-0000-000000000000"
        }
      ]
    },
    {
      "layer_id": "d817ec55-9bcb-4aed-94bf-eeabed38aa38",
      "name": "Details",
      "padding": 0.0,
      "spacing": 0.0,
      "panels": [
        {
          "panel_id": "1a838ef3-0d70-442e-abab-7bdfb52022b3",
          "name": "Illustration URL",
          "enabled": true,
          "locked": false,
          "rotation": 0,
          "padding": "0, 0, 0, 0",
          "material_name": "Blank",
          "material_selection": 0,
          "material_tint": "#00000000",
          "anchor_min": "0, 0",
          "anchor_min_render": "0, 0",
          "anchor_max": "1, 0.2123894",
          "anchor_max_render": "1, 0.2123894",
          "type": "none",
          "data": {},
          "sort_mode": "2",
          "split_mode": "horizontal",
          "parent_panel_id": "00000000-0000-0000-0000-000000000000"
        },
        {
          "panel_id": "3777ad9d-0396-48ef-84ed-46e5c199e42a",
          "name": "",
          "enabled": true,
          "locked": false,
          "rotation": 0,
          "padding": "0, 0, 0, 0",
          "material_name": "Blank",
          "material_selection": 0,
          "material_tint": "#00000000",
          "anchor_min": "0, 0.2123894",
          "anchor_min_render": "0, 0.2123893",
          "anchor_max": "1, 0.7455752",
          "anchor_max_render": "1, 0.7455751",
          "type": "image",
          "data": {
            "uri": "%PROJECT%/CircleBack.png",
            "mask_uri": "",
            "fit_mode": "fitwidth",
            "zoom": 1.0,
            "offset": "0, 0",
            "tint": "#FFFFFFFF"
          },
          "sort_mode": "4",
          "split_mode": "horizontal",
          "parent_panel_id": "00000000-0000-0000-0000-000000000000"
        },
        {
          "panel_id": "f6baaeb9-f128-44f1-9bdd-2413ed2927c0",
          "name": "",
          "enabled": true,
          "locked": false,
          "rotation": 0,
          "padding": "0, 0, 0, 0",
          "material_name": "Blank",
          "material_selection": 0,
          "material_tint": "#00000000",
          "anchor_min": "0, 0",
          "anchor_min_render": "0, 0.2123893",
          "anchor_max": "0.03388832, 1",
          "anchor_max_render": "0.03388833, 0.7455751",
          "type": "none",
          "data": {},
          "sort_mode": "3",
          "split_mode": "vertical",
          "parent_panel_id": "3777ad9d-0396-48ef-84ed-46e5c199e42a"
        },
        {
          "panel_id": "4e66c097-29b6-4fc8-933e-b4d36c8e15de",
          "name": "",
          "enabled": true,
          "locked": true,
          "rotation": 0,
          "padding": "0, 0, 0, 0",
          "material_name": "Blank",
          "material_selection": 0,
          "material_tint": "#00000000",
          "anchor_min": "0.03388832, 0",
          "anchor_min_render": "0.03388833, 0.2123893",
          "anchor_max": "0.9692866, 1",
          "anchor_max_render": "0.9692866, 0.7455751",
          "type": "image",
          "data": {
            "uri": "%PROJECT%/CircleBackFilled.png",
            "mask_uri": "",
            "fit_mode": "fitwidth",
            "zoom": 1.0,
            "offset": "0, 0",
            "tint": "#FFFFFFFF"
          },
          "sort_mode": "4",
          "split_mode": "vertical",
          "parent_panel_id": "3777ad9d-0396-48ef-84ed-46e5c199e42a"
        },
        {
          "panel_id": "4c3f3ce5-9cdd-44b1-8533-9d987548d1ea",
          "name": "",
          "enabled": true,
          "locked": false,
          "rotation": 0,
          "padding": "0, 0, 0, 0",
          "material_name": "Blank",
          "material_selection": 0,
          "material_tint": "#00000000",
          "anchor_min": "0.9692866, 0",
          "anchor_min_render": "0.9692866, 0.2123893",
          "anchor_max": "1, 1",
          "anchor_max_render": "1, 0.7455751",
          "type": "none",
          "data": {},
          "sort_mode": "5",
          "split_mode": "vertical",
          "parent_panel_id": "3777ad9d-0396-48ef-84ed-46e5c199e42a"
        },
        {
          "panel_id": "8f56efee-2269-4999-aaa1-ddaa984e3771",
          "name": "",
          "enabled": true,
          "locked": false,
          "rotation": 0,
          "padding": "0, 0, 0, 0",
          "material_name": "Blank",
          "material_selection": 0,
          "material_tint": "#00000000",
          "anchor_min": "0, 0.7455752",
          "anchor_min_render": "0, 0.7455751",
          "anchor_max": "1, 1",
          "anchor_max_render": "1, 1",
          "type": "none",
          "data": {},
          "sort_mode": "6",
          "split_mode": "horizontal",
          "parent_panel_id": "00000000-0000-0000-0000-000000000000"
        }
      ]
    },
    {
      "layer_id": "73571a18-7287-4fb4-805f-3bb265574388",
      "name": "Icons Shadows",
      "padding": 0.07874016,
      "spacing": 0.0,
      "panels": [
        {
          "panel_id": "a2c4c7af-6ade-4849-b73a-ed1b957652c2",
          "name": "",
          "enabled": true,
          "locked": false,
          "rotation": 0,
          "padding": "0, 0, 0, 0",
          "material_name": "Blank",
          "material_selection": 0,
          "material_tint": "#00000000",
          "anchor_min": "0, 0",
          "anchor_min_render": "0, -3.432725E-08",
          "anchor_max": "1, 0.1923011",
          "anchor_max_render": "1, 0.1923011",
          "type": "none",
          "data": {},
          "sort_mode": "12",
          "split_mode": "horizontal",
          "parent_panel_id": "00000000-0000-0000-0000-000000000000"
        },
        {
          "panel_id": "da3cdb1c-93b1-4701-8af6-4c2c053deaa7",
          "name": "",
          "enabled": true,
          "locked": false,
          "rotation": 0,
          "padding": "0, 0, 0, 0",
          "material_name": "Blank",
          "material_selection": 0,
          "material_tint": "#00000000",
          "anchor_min": "0, 0",
          "anchor_min_render": "0, -3.432725E-08",
          "anchor_max": "0.7008237, 1",
          "anchor_max_render": "0.7008239, 0.1923011",
          "type": "none",
          "data": {},
          "sort_mode": "7",
          "split_mode": "vertical",
          "parent_panel_id": "a2c4c7af-6ade-4849-b73a-ed1b957652c2"
        },
        {
          "panel_id": "ff3630e7-e3cd-4fdd-a24c-d3ae20cbec0b",
          "name": "",
          "enabled": true,
          "locked": false,
          "rotation": 0,
          "padding": "0.13, 0.07, 0.07, 0.13",
          "material_name": "Blank",
          "material_selection": 0,
          "material_tint": "#00000000",
          "anchor_min": "0.7008237, 0",
          "anchor_min_render": "0.7008238, -3.432725E-08",
          "anchor_max": "1, 1",
          "anchor_max_render": "1, 0.1923011",
          "type": "icon",
          "data": {
            "uri": "Basic/st3_cancel",
            "color_tint": "#000000FF",
            "color_background": "#00000000"
          },
          "sort_mode": "8",
          "split_mode": "vertical",
          "parent_panel_id": "a2c4c7af-6ade-4849-b73a-ed1b957652c2"
        },
        {
          "panel_id": "3383a203-2c3f-4dfe-9458-dddeb3a5a6da",
          "name": "",
          "enabled": true,
          "locked": false,
          "rotation": 0,
          "padding": "0.12, 0.08, 0.08, 0.12",
          "material_name": "Blank",
          "material_selection": 0,
          "material_tint": "#00000000",
          "anchor_min": "0, 0.1923011",
          "anchor_min_render": "0, 0.1923011",
          "anchor_max": "1, 0.7568014",
          "anchor_max_render": "1, 0.7568015",
          "type": "icon",
          "data": {
            "uri": "Basic/st3_cancel",
            "color_tint": "#000000FF",
            "color_background": "#00000000"
          },
          "sort_mode": "10",
          "split_mode": "horizontal",
          "parent_panel_id": "00000000-0000-0000-0000-000000000000"
        },
        {
          "panel_id": "c18ff97d-9419-4f97-aa08-ab142361bf0f",
          "name": "",
          "enabled": true,
          "locked": false,
          "rotation": 0,
          "padding": "0, 0, 0, 0",
          "material_name": "Blank",
          "material_selection": 0,
          "material_tint": "#00000000",
          "anchor_min": "0, 0.7568014",
          "anchor_min_render": "0, 0.7568014",
          "anchor_max": "1, 1",
          "anchor_max_render": "1, 1",
          "type": "none",
          "data": {},
          "sort_mode": "20",
          "split_mode": "horizontal",
          "parent_panel_id": "00000000-0000-0000-0000-000000000000"
        },
        {
          "panel_id": "d194e983-3200-4a6c-a849-7ee43f877529",
          "name": "",
          "enabled": true,
          "locked": false,
          "rotation": 0,
          "padding": "0.13, 0.07, 0.07, 0.13",
          "material_name": "Blank",
          "material_selection": 0,
          "material_tint": "#00000000",
          "anchor_min": "0, 0",
          "anchor_min_render": "0, 0.7568014",
          "anchor_max": "0.3358403, 1",
          "anchor_max_render": "0.3358404, 1",
          "type": "icon",
          "data": {
            "uri": "Basic/st3_cancel",
            "color_tint": "#000000FF",
            "color_background": "#00000000"
          },
          "sort_mode": "11",
          "split_mode": "vertical",
          "parent_panel_id": "c18ff97d-9419-4f97-aa08-ab142361bf0f"
        },
        {
          "panel_id": "5a7afd25-874f-4f1a-8b72-a81d3e0d25ba",
          "name": "",
          "enabled": true,
          "locked": false,
          "rotation": 0,
          "padding": "0, 0, 0, 0",
          "material_name": "Blank",
          "material_selection": 0,
          "material_tint": "#00000000",
          "anchor_min": "0.3358403, 0",
          "anchor_min_render": "0.3358403, 0.7568014",
          "anchor_max": "1, 1",
          "anchor_max_render": "1, 1",
          "type": "none",
          "data": {},
          "sort_mode": "13",
          "split_mode": "vertical",
          "parent_panel_id": "c18ff97d-9419-4f97-aa08-ab142361bf0f"
        }
      ]
    },
    {
      "layer_id": "169a389c-2437-4f54-bc9d-efb37e27e74e",
      "name": "Icons",
      "padding": 0.07874016,
      "spacing": 0.0,
      "panels": [
        {
          "panel_id": "31aff4b0-593e-4ddb-8cb6-8cf30b0a8c74",
          "name": "",
          "enabled": true,
          "locked": false,
          "rotation": 0,
          "padding": "0, 0, 0, 0",
          "material_name": "Blank",
          "material_selection": 0,
          "material_tint": "#00000000",
          "anchor_min": "0, 0",
          "anchor_min_render": "0, -3.432725E-08",
          "anchor_max": "1, 0.1923011",
          "anchor_max_render": "1, 0.1923011",
          "type": "none",
          "data": {},
          "sort_mode": "12",
          "split_mode": "horizontal",
          "parent_panel_id": "00000000-0000-0000-0000-000000000000"
        },
        {
          "panel_id": "83c1479c-a801-41e4-b044-4356e6fe731a",
          "name": "",
          "enabled": true,
          "locked": false,
          "rotation": 0,
          "padding": "0, 0, 0, 0",
          "material_name": "Blank",
          "material_selection": 0,
          "material_tint": "#00000000",
          "anchor_min": "0, 0",
          "anchor_min_render": "0, -3.432725E-08",
          "anchor_max": "0.7008237, 1",
          "anchor_max_render": "0.7008239, 0.1923011",
          "type": "none",
          "data": {},
          "sort_mode": "9",
          "split_mode": "vertical",
          "parent_panel_id": "31aff4b0-593e-4ddb-8cb6-8cf30b0a8c74"
        },
        {
          "panel_id": "e606d380-1c56-4ec9-8ee4-e96394dccb6f",
          "name": "",
          "enabled": true,
          "locked": false,
          "rotation": 0,
          "padding": "0.1, 0.1, 0.1, 0.1",
          "material_name": "Blank",
          "material_selection": 0,
          "material_tint": "#00000000",
          "anchor_min": "0.7008237, 0",
          "anchor_min_render": "0.7008238, -3.432725E-08",
          "anchor_max": "1, 1",
          "anchor_max_render": "1, 0.1923011",
          "type": "icon",
          "data": {
            "uri": "Basic/st3_cancel",
            "color_tint": "#FFFFFFFF",
            "color_background": "#00000000"
          },
          "sort_mode": "12",
          "split_mode": "vertical",
          "parent_panel_id": "31aff4b0-593e-4ddb-8cb6-8cf30b0a8c74"
        },
        {
          "panel_id": "713dafe5-2ba6-4fba-9df1-cdbb37a33a85",
          "name": "",
          "enabled": true,
          "locked": false,
          "rotation": 0,
          "padding": "0.1, 0.1, 0.1, 0.1",
          "material_name": "Blank",
          "material_selection": 0,
          "material_tint": "#00000000",
          "anchor_min": "0, 0.1923011",
          "anchor_min_render": "0, 0.1923011",
          "anchor_max": "1, 0.7568014",
          "anchor_max_render": "1, 0.7568015",
          "type": "icon",
          "data": {
            "uri": "Basic/st3_cancel",
            "color_tint": "#FF0000FF",
            "color_background": "#00000000"
          },
          "sort_mode": "15",
          "split_mode": "horizontal",
          "parent_panel_id": "00000000-0000-0000-0000-000000000000"
        },
        {
          "panel_id": "a82af71d-6c36-447f-a441-9564bf5f00e2",
          "name": "",
          "enabled": true,
          "locked": false,
          "rotation": 0,
          "padding": "0, 0, 0, 0",
          "material_name": "Blank",
          "material_selection": 0,
          "material_tint": "#00000000",
          "anchor_min": "0, 0.7568014",
          "anchor_min_render": "0, 0.7568014",
          "anchor_max": "1, 1",
          "anchor_max_render": "1, 1",
          "type": "none",
          "data": {},
          "sort_mode": "20",
          "split_mode": "horizontal",
          "parent_panel_id": "00000000-0000-0000-0000-000000000000"
        },
        {
          "panel_id": "e5411123-3b3e-4fe5-bcf6-02c1e03dbeae",
          "name": "",
          "enabled": true,
          "locked": false,
          "rotation": 0,
          "padding": "0.1, 0.1, 0.1, 0.1",
          "material_name": "Blank",
          "material_selection": 0,
          "material_tint": "#00000000",
          "anchor_min": "0, 0",
          "anchor_min_render": "0, 0.7568014",
          "anchor_max": "0.3358403, 1",
          "anchor_max_render": "0.3358404, 1",
          "type": "icon",
          "data": {
            "uri": "Basic/st3_cancel",
            "color_tint": "#FFFFFFFF",
            "color_background": "#00000000"
          },
          "sort_mode": "16",
          "split_mode": "vertical",
          "parent_panel_id": "a82af71d-6c36-447f-a441-9564bf5f00e2"
        },
        {
          "panel_id": "e128f74a-cb85-41f7-9d04-fa3522e828ef",
          "name": "",
          "enabled": true,
          "locked": false,
          "rotation": 0,
          "padding": "0, 0, 0, 0",
          "material_name": "Blank",
          "material_selection": 0,
          "material_tint": "#00000000",
          "anchor_min": "0.3358403, 0",
          "anchor_min_render": "0.3358403, 0.7568014",
          "anchor_max": "1, 1",
          "anchor_max_render": "1, 1",
          "type": "none",
          "data": {},
          "sort_mode": "17",
          "split_mode": "vertical",
          "parent_panel_id": "a82af71d-6c36-447f-a441-9564bf5f00e2"
        }
      ]
    }
  ],
  "back_layers": [
    {
      "layer_id": "4bc9d6b5-fd28-4d4e-bc7b-4a2af66322ea",
      "name": "Layer -1: Back",
      "padding": 2.638507E-05,
      "spacing": 0.025,
      "panels": [
        {
          "panel_id": "bb86d48c-02b8-4d78-8520-312767003b5d",
          "name": "Backside Image URI",
          "enabled": true,
          "locked": false,
          "rotation": 0,
          "padding": "0, 0, 0, 0",
          "material_name": "Blank",
          "material_selection": 0,
          "material_tint": "#00000000",
          "anchor_min": "0, 0",
          "anchor_min_render": "0, 0",
          "anchor_max": "1, 1",
          "anchor_max_render": "1, 1",
          "type": "image",
          "data": {
            "uri": "%PROJECT%/01.png",
            "mask_uri": "",
            "fit_mode": "fit",
            "zoom": 1.0,
            "offset": "0, 0",
            "tint": "#FFFFFFFF"
          },
          "sort_mode": "14",
          "split_mode": "none",
          "parent_panel_id": "00000000-0000-0000-0000-000000000000"
        }
      ]
    }
  ]
}