{
  "version": 2.12,
  "cardset_id": "c73dc3f5-81ca-43c7-9beb-0a9c5aa5f565",
  "name": "Memory - Animals",
  "blueprint_id": "f3c7eff1-b560-4779-802a-e4b1041d90ee",
  "hint_order_index": 1,
  "cards": [
    {
      "card_id": "fe1704c6-905e-4d52-8a3b-d0c9e942c53d",
      "amount": 2,
      "front_layers": [
        {
          "blueprint_layer_id": "e38911e8-c3fa-4cf2-80f0-7b2c048e0c1e",
          "panels": [
            {
              "blueprint_panel_id": "f6f20e37-76c8-4c16-a2d1-696f8af34896",
              "type": "icon",
              "data": {
                "uri": "Nature/an1_bird_twitter",
                "color_tint": "#E6DA29FF",
                "color_background": "#00000000"
              }
            }
          ]
        }
      ]
    },
    {
      "card_id": "a77c93ef-6aae-4ecd-aec1-b9a1f944fcab",
      "amount": 2,
      "front_layers": [
        {
          "blueprint_layer_id": "e38911e8-c3fa-4cf2-80f0-7b2c048e0c1e",
          "panels": [
            {
              "blueprint_panel_id": "f6f20e37-76c8-4c16-a2d1-696f8af34896",
              "type": "icon",
              "data": {
                "uri": "Nature/an1_salmon",
                "color_tint": "#D32734FF",
                "color_background": "#00000000"
              }
            }
          ]
        }
      ]
    },
    {
      "card_id": "eaa3dbea-4461-4f75-9bd7-9e52d7879ab0",
      "amount": 2,
      "front_layers": [
        {
          "blueprint_layer_id": "e38911e8-c3fa-4cf2-80f0-7b2c048e0c1e",
          "panels": [
            {
              "blueprint_panel_id": "f6f20e37-76c8-4c16-a2d1-696f8af34896",
              "type": "icon",
              "data": {
                "uri": "Nature/an1_gecko",
                "color_tint": "#28C641FF",
                "color_background": "#00000000"
              }
            }
          ]
        }
      ]
    },
    {
      "card_id": "3def175c-db1a-42dd-82ce-2c9da344da8f",
      "amount": 2,
      "front_layers": [
        {
          "blueprint_layer_id": "e38911e8-c3fa-4cf2-80f0-7b2c048e0c1e",
          "panels": [
            {
              "blueprint_panel_id": "f6f20e37-76c8-4c16-a2d1-696f8af34896",
              "type": "icon",
              "data": {
                "uri": "Nature/an1_crab",
                "color_tint": "#2D93DDFF",
                "color_background": "#00000000"
              }
            }
          ]
        }
      ]
    },
    {
      "card_id": "ede28c74-6a91-4449-a0b8-0c80fe7c6c4f",
      "amount": 2,
      "front_layers": [
        {
          "blueprint_layer_id": "e38911e8-c3fa-4cf2-80f0-7b2c048e0c1e",
          "panels": [
            {
              "blueprint_panel_id": "f6f20e37-76c8-4c16-a2d1-696f8af34896",
              "type": "icon",
              "data": {
                "uri": "Nature/an1_bear_face",
                "color_tint": "#DA7D22FF",
                "color_background": "#00000000"
              }
            }
          ]
        }
      ]
    },
    {
      "card_id": "f738771f-3dcf-4a3f-88b4-ff15b8c57c1b",
      "amount": 2,
      "front_layers": [
        {
          "blueprint_layer_id": "e38911e8-c3fa-4cf2-80f0-7b2c048e0c1e",
          "panels": [
            {
              "blueprint_panel_id": "f6f20e37-76c8-4c16-a2d1-696f8af34896",
              "type": "icon",
              "data": {
                "uri": "Nature/an1_dolphin",
                "color_tint": "#1B1C33FF",
                "color_background": "#00000000"
              }
            }
          ]
        }
      ]
    },
    {
      "card_id": "798543db-ad18-40a8-86a8-80e48520081b",
      "amount": 2,
      "front_layers": [
        {
          "blueprint_layer_id": "e38911e8-c3fa-4cf2-80f0-7b2c048e0c1e",
          "panels": [
            {
              "blueprint_panel_id": "f6f20e37-76c8-4c16-a2d1-696f8af34896",
              "type": "icon",
              "data": {
                "uri": "Nature/an1_octopus",
                "color_tint": "#7B53ADFF",
                "color_background": "#00000000"
              }
            }
          ]
        }
      ]
    },
    {
      "card_id": "eb6c0708-96fc-4495-b0ac-9ed54f033c7f",
      "amount": 2,
      "front_layers": [
        {
          "blueprint_layer_id": "e38911e8-c3fa-4cf2-80f0-7b2c048e0c1e",
          "panels": [
            {
              "blueprint_panel_id": "f6f20e37-76c8-4c16-a2d1-696f8af34896",
              "type": "icon",
              "data": {
                "uri": "Nature/an1_elephant",
                "color_tint": "#28C641FF",
                "color_background": "#00000000"
              }
            }
          ]
        }
      ]
    },
    {
      "card_id": "485877b0-9f0d-45be-8586-00a1b507fe34",
      "amount": 2,
      "front_layers": [
        {
          "blueprint_layer_id": "e38911e8-c3fa-4cf2-80f0-7b2c048e0c1e",
          "panels": [
            {
              "blueprint_panel_id": "f6f20e37-76c8-4c16-a2d1-696f8af34896",
              "type": "icon",
              "data": {
                "uri": "Nature/an1_tortoise",
                "color_tint": "#E6DA29FF",
                "color_background": "#00000000"
              }
            }
          ]
        }
      ]
    },
    {
      "card_id": "5e904a7c-13c7-4438-bdd5-9256b4ac58b4",
      "amount": 2,
      "front_layers": [
        {
          "blueprint_layer_id": "e38911e8-c3fa-4cf2-80f0-7b2c048e0c1e",
          "panels": [
            {
              "blueprint_panel_id": "f6f20e37-76c8-4c16-a2d1-696f8af34896",
              "type": "icon",
              "data": {
                "uri": "Nature/an1_gorilla",
                "color_tint": "#D32734FF",
                "color_background": "#00000000"
              }
            }
          ]
        }
      ]
    },
    {
      "card_id": "ac668d1b-f069-4a15-aa76-72405c7ef1d1",
      "amount": 2,
      "front_layers": [
        {
          "blueprint_layer_id": "e38911e8-c3fa-4cf2-80f0-7b2c048e0c1e",
          "panels": [
            {
              "blueprint_panel_id": "f6f20e37-76c8-4c16-a2d1-696f8af34896",
              "type": "icon",
              "data": {
                "uri": "Nature/an1_gold_scarab",
                "color_tint": "#28C641FF",
                "color_background": "#00000000"
              }
            }
          ]
        }
      ]
    },
    {
      "card_id": "3a778d85-81ba-43d3-9e9d-deefd638837a",
      "amount": 2,
      "front_layers": [
        {
          "blueprint_layer_id": "e38911e8-c3fa-4cf2-80f0-7b2c048e0c1e",
          "panels": [
            {
              "blueprint_panel_id": "f6f20e37-76c8-4c16-a2d1-696f8af34896",
              "type": "icon",
              "data": {
                "uri": "Nature/an1_donkey",
                "color_tint": "#2D93DDFF",
                "color_background": "#00000000"
              }
            }
          ]
        }
      ]
    },
    {
      "card_id": "645b49c8-0740-4b2d-bcf4-9665237eedb5",
      "amount": 2,
      "front_layers": [
        {
          "blueprint_layer_id": "e38911e8-c3fa-4cf2-80f0-7b2c048e0c1e",
          "panels": [
            {
              "blueprint_panel_id": "f6f20e37-76c8-4c16-a2d1-696f8af34896",
              "type": "icon",
              "data": {
                "uri": "Nature/an1_ammonite",
                "color_tint": "#DA7D22FF",
                "color_background": "#00000000"
              }
            }
          ]
        }
      ]
    },
    {
      "card_id": "3e8bb852-e8a8-4e38-8fa9-bd3129ed97ec",
      "amount": 2,
      "front_layers": [
        {
          "blueprint_layer_id": "e38911e8-c3fa-4cf2-80f0-7b2c048e0c1e",
          "panels": [
            {
              "blueprint_panel_id": "f6f20e37-76c8-4c16-a2d1-696f8af34896",
              "type": "icon",
              "data": {
                "uri": "Nature/an1_white_cat",
                "color_tint": "#1B1C33FF",
                "color_background": "#00000000"
              }
            }
          ]
        }
      ]
    },
    {
      "card_id": "c60606b6-543b-4f54-bc61-2f190906b2e7",
      "amount": 2,
      "front_layers": [
        {
          "blueprint_layer_id": "e38911e8-c3fa-4cf2-80f0-7b2c048e0c1e",
          "panels": [
            {
              "blueprint_panel_id": "f6f20e37-76c8-4c16-a2d1-696f8af34896",
              "type": "icon",
              "data": {
                "uri": "Nature/an1_chicken",
                "color_tint": "#7B53ADFF",
                "color_background": "#00000000"
              }
            }
          ]
        }
      ]
    },
    {
      "card_id": "569506ab-e103-496d-8dfd-d095f8ffcd10",
      "amount": 2,
      "front_layers": [
        {
          "blueprint_layer_id": "e38911e8-c3fa-4cf2-80f0-7b2c048e0c1e",
          "panels": [
            {
              "blueprint_panel_id": "f6f20e37-76c8-4c16-a2d1-696f8af34896",
              "type": "icon",
              "data": {
                "uri": "Nature/an1_dove",
                "color_tint": "#D32734FF",
                "color_background": "#00000000"
              }
            }
          ]
        }
      ]
    },
    {
      "card_id": "6b7a0f3a-b676-4d0c-ac1f-22996b6379cc",
      "amount": 2,
      "front_layers": [
        {
          "blueprint_layer_id": "e38911e8-c3fa-4cf2-80f0-7b2c048e0c1e",
          "panels": [
            {
              "blueprint_panel_id": "f6f20e37-76c8-4c16-a2d1-696f8af34896",
              "type": "icon",
              "data": {
                "uri": "Nature/an1_duck",
                "color_tint": "#E6DA29FF",
                "color_background": "#00000000"
              }
            }
          ]
        }
      ]
    },
    {
      "card_id": "390ec924-49ae-48eb-9d17-34a531d777c4",
      "amount": 2,
      "front_layers": [
        {
          "blueprint_layer_id": "e38911e8-c3fa-4cf2-80f0-7b2c048e0c1e",
          "panels": [
            {
              "blueprint_panel_id": "f6f20e37-76c8-4c16-a2d1-696f8af34896",
              "type": "icon",
              "data": {
                "uri": "Nature/an1_feline",
                "color_tint": "#D32734FF",
                "color_background": "#00000000"
              }
            }
          ]
        }
      ]
    },
    {
      "card_id": "533286d5-d769-4c3d-81a1-26d738edf863",
      "amount": 2,
      "front_layers": [
        {
          "blueprint_layer_id": "e38911e8-c3fa-4cf2-80f0-7b2c048e0c1e",
          "panels": [
            {
              "blueprint_panel_id": "f6f20e37-76c8-4c16-a2d1-696f8af34896",
              "type": "icon",
              "data": {
                "uri": "Nature/an1_flamingo",
                "color_tint": "#28C641FF",
                "color_background": "#00000000"
              }
            }
          ]
        }
      ]
    },
    {
      "card_id": "cc511a6a-e143-4f9b-8c31-54c346d9a480",
      "amount": 2,
      "front_layers": [
        {
          "blueprint_layer_id": "e38911e8-c3fa-4cf2-80f0-7b2c048e0c1e",
          "panels": [
            {
              "blueprint_panel_id": "f6f20e37-76c8-4c16-a2d1-696f8af34896",
              "type": "icon",
              "data": {
                "uri": "Nature/an1_frog",
                "color_tint": "#2D93DDFF",
                "color_background": "#00000000"
              }
            }
          ]
        }
      ]
    },
    {
      "card_id": "302aad15-a028-41f1-9a29-a5815f10d61e",
      "amount": 2,
      "front_layers": [
        {
          "blueprint_layer_id": "e38911e8-c3fa-4cf2-80f0-7b2c048e0c1e",
          "panels": [
            {
              "blueprint_panel_id": "f6f20e37-76c8-4c16-a2d1-696f8af34896",
              "type": "icon",
              "data": {
                "uri": "Nature/an1_goose",
                "color_tint": "#DA7D22FF",
                "color_background": "#00000000"
              }
            }
          ]
        }
      ]
    },
    {
      "card_id": "18fd8a03-706e-41cb-908c-cd995dd4f16a",
      "amount": 2,
      "front_layers": [
        {
          "blueprint_layer_id": "e38911e8-c3fa-4cf2-80f0-7b2c048e0c1e",
          "panels": [
            {
              "blueprint_panel_id": "f6f20e37-76c8-4c16-a2d1-696f8af34896",
              "type": "icon",
              "data": {
                "uri": "Nature/an1_horse_head_(2)",
                "color_tint": "#1B1C33FF",
                "color_background": "#00000000"
              }
            }
          ]
        }
      ]
    },
    {
      "card_id": "6a31ebca-e0a2-441a-95a1-29fb1dac4365",
      "amount": 2,
      "front_layers": [
        {
          "blueprint_layer_id": "e38911e8-c3fa-4cf2-80f0-7b2c048e0c1e",
          "panels": [
            {
              "blueprint_panel_id": "f6f20e37-76c8-4c16-a2d1-696f8af34896",
              "type": "icon",
              "data": {
                "uri": "Nature/an1_kiwi_bird",
                "color_tint": "#7B53ADFF",
                "color_background": "#00000000"
              }
            }
          ]
        }
      ]
    },
    {
      "card_id": "ba9dd351-2fba-4deb-b687-07105d6b5b15",
      "amount": 2,
      "front_layers": [
        {
          "blueprint_layer_id": "e38911e8-c3fa-4cf2-80f0-7b2c048e0c1e",
          "panels": [
            {
              "blueprint_panel_id": "f6f20e37-76c8-4c16-a2d1-696f8af34896",
              "type": "icon",
              "data": {
                "uri": "Nature/an1_lion",
                "color_tint": "#2D93DDFF",
                "color_background": "#00000000"
              }
            }
          ]
        }
      ]
    },
    {
      "card_id": "2e3c88f6-aca4-45e2-8944-e3c6b3ecfec7",
      "amount": 2,
      "front_layers": [
        {
          "blueprint_layer_id": "e38911e8-c3fa-4cf2-80f0-7b2c048e0c1e",
          "panels": [
            {
              "blueprint_panel_id": "f6f20e37-76c8-4c16-a2d1-696f8af34896",
              "type": "icon",
              "data": {
                "uri": "Nature/an1_monkey",
                "color_tint": "#E6DA29FF",
                "color_background": "#00000000"
              }
            }
          ]
        }
      ]
    },
    {
      "card_id": "46718ac3-b01d-4688-b242-3f51a82c24e3",
      "amount": 2,
      "front_layers": [
        {
          "blueprint_layer_id": "e38911e8-c3fa-4cf2-80f0-7b2c048e0c1e",
          "panels": [
            {
              "blueprint_panel_id": "f6f20e37-76c8-4c16-a2d1-696f8af34896",
              "type": "icon",
              "data": {
                "uri": "Nature/an1_mouse",
                "color_tint": "#D32734FF",
                "color_background": "#00000000"
              }
            }
          ]
        }
      ]
    },
    {
      "card_id": "b6f80bfb-6dba-4735-b04c-8271616a8561",
      "amount": 2,
      "front_layers": [
        {
          "blueprint_layer_id": "e38911e8-c3fa-4cf2-80f0-7b2c048e0c1e",
          "panels": [
            {
              "blueprint_panel_id": "f6f20e37-76c8-4c16-a2d1-696f8af34896",
              "type": "icon",
              "data": {
                "uri": "Nature/an1_pig",
                "color_tint": "#28C641FF",
                "color_background": "#00000000"
              }
            }
          ]
        }
      ]
    },
    {
      "card_id": "afd16115-9a46-466f-ba6d-93d8f1e7d9a8",
      "amount": 2,
      "front_layers": [
        {
          "blueprint_layer_id": "e38911e8-c3fa-4cf2-80f0-7b2c048e0c1e",
          "panels": [
            {
              "blueprint_panel_id": "f6f20e37-76c8-4c16-a2d1-696f8af34896",
              "type": "icon",
              "data": {
                "uri": "Nature/an1_rhinoceros_horn",
                "color_tint": "#2D93DDFF",
                "color_background": "#00000000"
              }
            }
          ]
        }
      ]
    },
    {
      "card_id": "1bfca5ef-66a0-41b2-9556-12aa1c9b1dfb",
      "amount": 2,
      "front_layers": [
        {
          "blueprint_layer_id": "e38911e8-c3fa-4cf2-80f0-7b2c048e0c1e",
          "panels": [
            {
              "blueprint_panel_id": "f6f20e37-76c8-4c16-a2d1-696f8af34896",
              "type": "icon",
              "data": {
                "uri": "Nature/an1_sad_crab",
                "color_tint": "#DA7D22FF",
                "color_background": "#00000000"
              }
            }
          ]
        }
      ]
    },
    {
      "card_id": "3e4e5dd9-816a-4c70-b476-f67088e92a11",
      "amount": 2,
      "front_layers": [
        {
          "blueprint_layer_id": "e38911e8-c3fa-4cf2-80f0-7b2c048e0c1e",
          "panels": [
            {
              "blueprint_panel_id": "f6f20e37-76c8-4c16-a2d1-696f8af34896",
              "type": "icon",
              "data": {
                "uri": "Nature/an1_snail",
                "color_tint": "#1B1C33FF",
                "color_background": "#00000000"
              }
            }
          ]
        }
      ]
    },
    {
      "card_id": "6b397954-0d38-456c-829e-236520fbd965",
      "amount": 2,
      "front_layers": [
        {
          "blueprint_layer_id": "e38911e8-c3fa-4cf2-80f0-7b2c048e0c1e",
          "panels": [
            {
              "blueprint_panel_id": "f6f20e37-76c8-4c16-a2d1-696f8af34896",
              "type": "icon",
              "data": {
                "uri": "Nature/an1_squirrel",
                "color_tint": "#7B53ADFF",
                "color_background": "#00000000"
              }
            }
          ]
        }
      ]
    },
    {
      "card_id": "1b4be526-add4-421f-8ee6-68252231383c",
      "amount": 2,
      "front_layers": [
        {
          "blueprint_layer_id": "e38911e8-c3fa-4cf2-80f0-7b2c048e0c1e",
          "panels": [
            {
              "blueprint_panel_id": "f6f20e37-76c8-4c16-a2d1-696f8af34896",
              "type": "icon",
              "data": {
                "uri": "Nature/an1_tropical_fish",
                "color_tint": "#DA7D22FF",
                "color_background": "#00000000"
              }
            }
          ]
        }
      ]
    },
    {
      "card_id": "1c253c5f-960a-4526-90f5-5663b1023627",
      "amount": 2,
      "front_layers": [
        {
          "blueprint_layer_id": "e38911e8-c3fa-4cf2-80f0-7b2c048e0c1e",
          "panels": [
            {
              "blueprint_panel_id": "f6f20e37-76c8-4c16-a2d1-696f8af34896",
              "type": "icon",
              "data": {
                "uri": "Nature/an1_squid",
                "color_tint": "#E6DA29FF",
                "color_background": "#00000000"
              }
            }
          ]
        }
      ]
    },
    {
      "card_id": "ad6ac055-b6fb-486c-9f5a-0f05d54e6b33",
      "amount": 2,
      "front_layers": [
        {
          "blueprint_layer_id": "e38911e8-c3fa-4cf2-80f0-7b2c048e0c1e",
          "panels": [
            {
              "blueprint_panel_id": "f6f20e37-76c8-4c16-a2d1-696f8af34896",
              "type": "icon",
              "data": {
                "uri": "Nature/an1_snake",
                "color_tint": "#D32734FF",
                "color_background": "#00000000"
              }
            }
          ]
        }
      ]
    },
    {
      "card_id": "cee5ce86-dfea-44b2-995d-4b852be9ad24",
      "amount": 2,
      "front_layers": [
        {
          "blueprint_layer_id": "e38911e8-c3fa-4cf2-80f0-7b2c048e0c1e",
          "panels": [
            {
              "blueprint_panel_id": "f6f20e37-76c8-4c16-a2d1-696f8af34896",
              "type": "icon",
              "data": {
                "uri": "Nature/an1_sperm_whale",
                "color_tint": "#28C641FF",
                "color_background": "#00000000"
              }
            }
          ]
        }
      ]
    },
    {
      "card_id": "bd73f62a-d7e7-4668-87fe-d6062380471a",
      "amount": 2,
      "front_layers": [
        {
          "blueprint_layer_id": "e38911e8-c3fa-4cf2-80f0-7b2c048e0c1e",
          "panels": [
            {
              "blueprint_panel_id": "f6f20e37-76c8-4c16-a2d1-696f8af34896",
              "type": "icon",
              "data": {
                "uri": "Nature/an1_polar_bear",
                "color_tint": "#2D93DDFF",
                "color_background": "#00000000"
              }
            }
          ]
        }
      ]
    }
  ]
}