{
  "version": 2.12,
  "blueprint_id": "90636fee-e900-4f8c-a2b6-e1bde730a3ba",
  "name": "Numbers",
  "layout_size": "63.5, 88.9",
  "layout_grid_size": "0.232, 0.232",
  "main_panel_id": "cd03a8ab-0658-4ef3-89da-078d3a19caa1",
  "front_layers": [
    {
      "layer_id": "b84e4562-dde6-44e4-829c-db9bcc28a1c6",
      "name": "Border",
      "padding": 0.0,
      "spacing": 0.0,
      "panels": [
        {
          "panel_id": "7633ab2e-4cc0-42b2-985d-131a727d02d9",
          "name": "",
          "enabled": true,
          "locked": true,
          "rotation": 0,
          "padding": "0, 0, 0, 0",
          "material_name": "Blank",
          "material_selection": 0,
          "material_tint": "#00000000",
          "anchor_min": "0, 0",
          "anchor_min_render": "0, 0",
          "anchor_max": "1, 1",
          "anchor_max_render": "1, 1",
          "type": "image",
          "data": {
            "uri": "%PROJECT%/01.png",
            "mask_uri": "",
            "fit_mode": "fit",
            "zoom": 1.0,
            "offset": "0, 0",
            "tint": "#FFFFFFFF"
          },
          "sort_mode": "0",
          "split_mode": "none",
          "parent_panel_id": "00000000-0000-0000-0000-000000000000"
        }
      ]
    },
    {
      "layer_id": "0575971f-ad56-4e62-a3df-0c6d7af8a93e",
      "name": "Background",
      "padding": 0.07874016,
      "spacing": 0.03,
      "panels": [
        {
          "panel_id": "7e8e4d04-78ba-468b-8513-2f78cc6b7e37",
          "name": "",
          "enabled": true,
          "locked": false,
          "rotation": 0,
          "padding": "0, 0, 0, 0",
          "material_name": "Blank",
          "material_selection": 0,
          "material_tint": "#00000000",
          "anchor_min": "0, 0",
          "anchor_min_render": "0, 0",
          "anchor_max": "1, 1",
          "anchor_max_render": "1, 1",
          "type": "image",
          "data": {
            "uri": "%PROJECT%/01.png",
            "mask_uri": "",
            "fit_mode": "fitwidth",
            "zoom": 1.0,
            "offset": "0, 0",
            "tint": "#4963D6FF"
          },
          "sort_mode": "1",
          "split_mode": "none",
          "parent_panel_id": "00000000-0000-0000-0000-000000000000"
        }
      ]
    },
    {
      "layer_id": "b7b1b758-7615-42bc-a491-65c37c8115b2",
      "name": "Details",
      "padding": 0.0,
      "spacing": 0.0,
      "panels": [
        {
          "panel_id": "e4fffc04-59c9-4ca1-abb3-6128a5c1b099",
          "name": "",
          "enabled": true,
          "locked": false,
          "rotation": 0,
          "padding": "0, 0, 0, 0",
          "material_name": "Blank",
          "material_selection": 0,
          "material_tint": "#00000000",
          "anchor_min": "0, 0",
          "anchor_min_render": "0, -1.782569E-08",
          "anchor_max": "1, 0.2123894",
          "anchor_max_render": "1, 0.2123894",
          "type": "none",
          "data": {},
          "sort_mode": "2",
          "split_mode": "horizontal",
          "parent_panel_id": "00000000-0000-0000-0000-000000000000"
        },
        {
          "panel_id": "d83b58d7-f668-4498-a921-74831ccb9787",
          "name": "",
          "enabled": true,
          "locked": false,
          "rotation": 0,
          "padding": "0, 0, 0, 0",
          "material_name": "Blank",
          "material_selection": 0,
          "material_tint": "#00000000",
          "anchor_min": "0, 0.2123894",
          "anchor_min_render": "0, 0.2123894",
          "anchor_max": "1, 0.7455752",
          "anchor_max_render": "1, 0.7455752",
          "type": "image",
          "data": {
            "uri": "%PROJECT%/CircleBack.png",
            "mask_uri": "",
            "fit_mode": "fitwidth",
            "zoom": 1.0,
            "offset": "0, 0",
            "tint": "#FFFFFFFF"
          },
          "sort_mode": "4",
          "split_mode": "horizontal",
          "parent_panel_id": "00000000-0000-0000-0000-000000000000"
        },
        {
          "panel_id": "f6da3b3f-a34c-4d6b-8823-e635184cc341",
          "name": "",
          "enabled": true,
          "locked": false,
          "rotation": 0,
          "padding": "0, 0, 0, 0",
          "material_name": "Blank",
          "material_selection": 0,
          "material_tint": "#00000000",
          "anchor_min": "0, 0",
          "anchor_min_render": "9.982385E-08, 0.2123894",
          "anchor_max": "0.03388832, 1",
          "anchor_max_render": "0.0338885, 0.7455752",
          "type": "none",
          "data": {},
          "sort_mode": "3",
          "split_mode": "vertical",
          "parent_panel_id": "d83b58d7-f668-4498-a921-74831ccb9787"
        },
        {
          "panel_id": "f2cfcd99-b76f-421b-897b-f622b3af8bf5",
          "name": "",
          "enabled": true,
          "locked": true,
          "rotation": 0,
          "padding": "0, 0, 0, 0",
          "material_name": "Blank",
          "material_selection": 0,
          "material_tint": "#00000000",
          "anchor_min": "0.03388832, 0",
          "anchor_min_render": "0.0338883, 0.2123894",
          "anchor_max": "0.9692866, 1",
          "anchor_max_render": "0.9692866, 0.7455752",
          "type": "image",
          "data": {
            "uri": "%PROJECT%/CircleBackFilled.png",
            "mask_uri": "",
            "fit_mode": "fitwidth",
            "zoom": 1.0,
            "offset": "0, 0",
            "tint": "#FFFFFFFF"
          },
          "sort_mode": "4",
          "split_mode": "vertical",
          "parent_panel_id": "d83b58d7-f668-4498-a921-74831ccb9787"
        },
        {
          "panel_id": "2476ac28-ac06-43c3-96c9-551611be5b1a",
          "name": "",
          "enabled": true,
          "locked": false,
          "rotation": 0,
          "padding": "0, 0, 0, 0",
          "material_name": "Blank",
          "material_selection": 0,
          "material_tint": "#00000000",
          "anchor_min": "0.9692866, 0",
          "anchor_min_render": "0.9692867, 0.2123894",
          "anchor_max": "1, 1",
          "anchor_max_render": "1, 0.7455752",
          "type": "none",
          "data": {},
          "sort_mode": "5",
          "split_mode": "vertical",
          "parent_panel_id": "d83b58d7-f668-4498-a921-74831ccb9787"
        },
        {
          "panel_id": "0cd0ffba-db54-488e-826a-4682954bd418",
          "name": "",
          "enabled": true,
          "locked": false,
          "rotation": 0,
          "padding": "0, 0, 0, 0",
          "material_name": "Blank",
          "material_selection": 0,
          "material_tint": "#00000000",
          "anchor_min": "0, 0.7455752",
          "anchor_min_render": "0, 0.7455752",
          "anchor_max": "1, 1",
          "anchor_max_render": "1, 1",
          "type": "none",
          "data": {},
          "sort_mode": "6",
          "split_mode": "horizontal",
          "parent_panel_id": "00000000-0000-0000-0000-000000000000"
        }
      ]
    },
    {
      "layer_id": "5173647f-753a-4dc1-8443-6e4b273789fc",
      "name": "Text",
      "padding": 0.07874016,
      "spacing": 0.0,
      "panels": [
        {
          "panel_id": "9bb60af0-d0f4-4125-9ffa-80e13b1ac027",
          "name": "",
          "enabled": true,
          "locked": false,
          "rotation": 0,
          "padding": "0, 0, 0, 0",
          "material_name": "Blank",
          "material_selection": 0,
          "material_tint": "#00000000",
          "anchor_min": "0, 0",
          "anchor_min_render": "0, 1.888801E-08",
          "anchor_max": "1, 0.1923011",
          "anchor_max_render": "1, 0.1923011",
          "type": "none",
          "data": {},
          "sort_mode": "12",
          "split_mode": "horizontal",
          "parent_panel_id": "00000000-0000-0000-0000-000000000000"
        },
        {
          "panel_id": "30244ac9-0ff0-41e0-a4a1-2aeeaaabeb14",
          "name": "",
          "enabled": true,
          "locked": false,
          "rotation": 0,
          "padding": "0, 0, 0, 0",
          "material_name": "Blank",
          "material_selection": 0,
          "material_tint": "#00000000",
          "anchor_min": "0, 0",
          "anchor_min_render": "1.083558E-07, 1.888801E-08",
          "anchor_max": "0.7008237, 1",
          "anchor_max_render": "0.700824, 0.1923011",
          "type": "none",
          "data": {},
          "sort_mode": "7",
          "split_mode": "vertical",
          "parent_panel_id": "9bb60af0-d0f4-4125-9ffa-80e13b1ac027"
        },
        {
          "panel_id": "61f103d5-ecc8-4fee-a6af-1127264a50f6",
          "name": "",
          "enabled": true,
          "locked": false,
          "rotation": 0,
          "padding": "0, 0, 0, 0",
          "material_name": "Blank",
          "material_selection": 0,
          "material_tint": "#00000000",
          "anchor_min": "0.7008237, 0",
          "anchor_min_render": "0.7008237, 1.888801E-08",
          "anchor_max": "1, 1",
          "anchor_max_render": "1, 0.1923011",
          "type": "text",
          "data": {
            "font_family": "Ubuntu",
            "font_preferred_size": 75,
            "line_spacing": 1.0,
            "text_anchor": "middlecenter",
            "text": "<b>1</b>",
            "color": "#FFFFFFFF",
            "outline_length": 3.0,
            "outline_color": "#000000FF"
          },
          "sort_mode": "8",
          "split_mode": "vertical",
          "parent_panel_id": "9bb60af0-d0f4-4125-9ffa-80e13b1ac027"
        },
        {
          "panel_id": "f19e76b8-5be4-43c6-bc42-da53fceced14",
          "name": "",
          "enabled": true,
          "locked": false,
          "rotation": 0,
          "padding": "0, 0, 0, 0",
          "material_name": "Blank",
          "material_selection": 0,
          "material_tint": "#00000000",
          "anchor_min": "0, 0.1923011",
          "anchor_min_render": "0, 0.1923011",
          "anchor_max": "1, 0.7544878",
          "anchor_max_render": "1, 0.7544878",
          "type": "text",
          "data": {
            "font_family": "Ubuntu",
            "font_preferred_size": 200,
            "line_spacing": 1.0,
            "text_anchor": "middlecenter",
            "text": "<b>1</b>",
            "color": "#4963D6FF",
            "outline_length": 5.0,
            "outline_color": "#000000FF"
          },
          "sort_mode": "9",
          "split_mode": "horizontal",
          "parent_panel_id": "00000000-0000-0000-0000-000000000000"
        },
        {
          "panel_id": "de587546-1319-49b0-b07a-13a782e4570d",
          "name": "",
          "enabled": true,
          "locked": false,
          "rotation": 0,
          "padding": "0, 0, 0, 0",
          "material_name": "Blank",
          "material_selection": 0,
          "material_tint": "#00000000",
          "anchor_min": "0, 0.7544878",
          "anchor_min_render": "0, 0.7544879",
          "anchor_max": "1, 1",
          "anchor_max_render": "1, 1",
          "type": "none",
          "data": {},
          "sort_mode": "20",
          "split_mode": "horizontal",
          "parent_panel_id": "00000000-0000-0000-0000-000000000000"
        },
        {
          "panel_id": "a672ba15-1f3b-427e-980d-3ad85afe31cb",
          "name": "",
          "enabled": true,
          "locked": false,
          "rotation": 0,
          "padding": "0, 0, 0, 0",
          "material_name": "Blank",
          "material_selection": 0,
          "material_tint": "#00000000",
          "anchor_min": "0, 0",
          "anchor_min_render": "0, 0.7544879",
          "anchor_max": "0.3358403, 1",
          "anchor_max_render": "0.3358405, 1",
          "type": "text",
          "data": {
            "font_family": "Ubuntu",
            "font_preferred_size": 75,
            "line_spacing": 1.0,
            "text_anchor": "middlecenter",
            "text": "<b>1</b>",
            "color": "#FFFFFFFF",
            "outline_length": 3.0,
            "outline_color": "#000000FF"
          },
          "sort_mode": "10",
          "split_mode": "vertical",
          "parent_panel_id": "de587546-1319-49b0-b07a-13a782e4570d"
        },
        {
          "panel_id": "68ce3d57-e371-4a65-97ec-172c1f95ec37",
          "name": "",
          "enabled": true,
          "locked": false,
          "rotation": 0,
          "padding": "0, 0, 0, 0",
          "material_name": "Blank",
          "material_selection": 0,
          "material_tint": "#00000000",
          "anchor_min": "0.3358403, 0",
          "anchor_min_render": "0.3358403, 0.7544879",
          "anchor_max": "1, 1",
          "anchor_max_render": "1, 1",
          "type": "none",
          "data": {},
          "sort_mode": "11",
          "split_mode": "vertical",
          "parent_panel_id": "de587546-1319-49b0-b07a-13a782e4570d"
        }
      ]
    }
  ],
  "back_layers": [
    {
      "layer_id": "2f5399f6-a743-427f-9cd7-a0c308a808a6",
      "name": "Layer -1: Back",
      "padding": 2.638507E-05,
      "spacing": 0.025,
      "panels": [
        {
          "panel_id": "b8ab158a-3c51-4670-84d7-e4fda574a4e5",
          "name": "",
          "enabled": true,
          "locked": false,
          "rotation": 0,
          "padding": "0, 0, 0, 0",
          "material_name": "Blank",
          "material_selection": 0,
          "material_tint": "#00000000",
          "anchor_min": "0, 0",
          "anchor_min_render": "0, 0",
          "anchor_max": "1, 1",
          "anchor_max_render": "1, 1",
          "type": "image",
          "data": {
            "uri": "%PROJECT%/01.png",
            "mask_uri": "",
            "fit_mode": "fit",
            "zoom": 1.0,
            "offset": "0, 0",
            "tint": "#FFFFFFFF"
          },
          "sort_mode": "12",
          "split_mode": "none",
          "parent_panel_id": "00000000-0000-0000-0000-000000000000"
        }
      ]
    }
  ]
}