{
  "version": 2.12,
  "cardset_id": "8e3d81cd-cdb2-49fc-ae2b-498d52f976e5",
  "name": "Specials",
  "blueprint_id": "73c1fa70-fef9-4945-b8f4-91509fa5ab3a",
  "hint_order_index": 1,
  "cards": [
    {
      "card_id": "cbc9a25c-97e4-46a6-b2b9-54e568974146",
      "amount": 2,
      "front_layers": [
        {
          "blueprint_layer_id": "ffca247a-7428-46b0-8660-41af98be25dd",
          "panels": [
            {
              "blueprint_panel_id": "2a83b6c3-f52a-4b9f-a881-cc824480a030",
              "type": "image",
              "data": {
                "tint": "#FF2D00FF"
              }
            }
          ]
        },
        {
          "blueprint_layer_id": "73571a18-7287-4fb4-805f-3bb265574388",
          "panels": [
            {
              "blueprint_panel_id": "ff3630e7-e3cd-4fdd-a24c-d3ae20cbec0b",
              "type": "icon",
              "data": {
                "uri": "Tabletop/tt1_card_play",
                "color_tint": "#000000FF",
                "color_background": "#00000000"
              }
            },
            {
              "blueprint_panel_id": "3383a203-2c3f-4dfe-9458-dddeb3a5a6da",
              "type": "icon",
              "data": {
                "uri": "Tabletop/tt1_card_play",
                "color_tint": "#000000FF",
                "color_background": "#00000000"
              }
            },
            {
              "blueprint_panel_id": "d194e983-3200-4a6c-a849-7ee43f877529",
              "type": "icon",
              "data": {
                "uri": "Tabletop/tt1_card_play",
                "color_tint": "#000000FF",
                "color_background": "#00000000"
              }
            }
          ]
        },
        {
          "blueprint_layer_id": "169a389c-2437-4f54-bc9d-efb37e27e74e",
          "panels": [
            {
              "blueprint_panel_id": "e606d380-1c56-4ec9-8ee4-e96394dccb6f",
              "type": "icon",
              "data": {
                "uri": "Tabletop/tt1_card_play",
                "color_tint": "#FFFFFFFD",
                "color_background": "#00000000"
              }
            },
            {
              "blueprint_panel_id": "713dafe5-2ba6-4fba-9df1-cdbb37a33a85",
              "type": "icon",
              "data": {
                "uri": "Tabletop/tt1_card_play",
                "color_tint": "#FF0000FF",
                "color_background": "#00000000"
              }
            },
            {
              "blueprint_panel_id": "e5411123-3b3e-4fe5-bcf6-02c1e03dbeae",
              "type": "icon",
              "data": {
                "uri": "Tabletop/tt1_card_play",
                "color_tint": "#FFFFFFFD",
                "color_background": "#00000000"
              }
            }
          ]
        }
      ]
    },
    {
      "card_id": "34c47acc-cc98-46c9-9529-27b87ba4d8a5",
      "amount": 2,
      "front_layers": [
        {
          "blueprint_layer_id": "ffca247a-7428-46b0-8660-41af98be25dd",
          "panels": [
            {
              "blueprint_panel_id": "2a83b6c3-f52a-4b9f-a881-cc824480a030",
              "type": "image",
              "data": {
                "tint": "#2BB225FF"
              }
            }
          ]
        },
        {
          "blueprint_layer_id": "73571a18-7287-4fb4-805f-3bb265574388",
          "panels": [
            {
              "blueprint_panel_id": "ff3630e7-e3cd-4fdd-a24c-d3ae20cbec0b",
              "type": "icon",
              "data": {
                "uri": "Tabletop/tt1_card_play",
                "color_tint": "#000000FF",
                "color_background": "#00000000"
              }
            },
            {
              "blueprint_panel_id": "3383a203-2c3f-4dfe-9458-dddeb3a5a6da",
              "type": "icon",
              "data": {
                "uri": "Tabletop/tt1_card_play",
                "color_tint": "#000000FF",
                "color_background": "#00000000"
              }
            },
            {
              "blueprint_panel_id": "d194e983-3200-4a6c-a849-7ee43f877529",
              "type": "icon",
              "data": {
                "uri": "Tabletop/tt1_card_play",
                "color_tint": "#000000FF",
                "color_background": "#00000000"
              }
            }
          ]
        },
        {
          "blueprint_layer_id": "169a389c-2437-4f54-bc9d-efb37e27e74e",
          "panels": [
            {
              "blueprint_panel_id": "e606d380-1c56-4ec9-8ee4-e96394dccb6f",
              "type": "icon",
              "data": {
                "uri": "Tabletop/tt1_card_play",
                "color_tint": "#FFFFFFFD",
                "color_background": "#00000000"
              }
            },
            {
              "blueprint_panel_id": "713dafe5-2ba6-4fba-9df1-cdbb37a33a85",
              "type": "icon",
              "data": {
                "uri": "Tabletop/tt1_card_play",
                "color_tint": "#2BB225FF",
                "color_background": "#00000000"
              }
            },
            {
              "blueprint_panel_id": "e5411123-3b3e-4fe5-bcf6-02c1e03dbeae",
              "type": "icon",
              "data": {
                "uri": "Tabletop/tt1_card_play",
                "color_tint": "#FFFFFFFD",
                "color_background": "#00000000"
              }
            }
          ]
        }
      ]
    },
    {
      "card_id": "de3f5c49-0c50-404b-9efa-32a1cb4204eb",
      "amount": 2,
      "front_layers": [
        {
          "blueprint_layer_id": "ffca247a-7428-46b0-8660-41af98be25dd",
          "panels": [
            {
              "blueprint_panel_id": "2a83b6c3-f52a-4b9f-a881-cc824480a030",
              "type": "image",
              "data": {
                "tint": "#4963D6FF"
              }
            }
          ]
        },
        {
          "blueprint_layer_id": "73571a18-7287-4fb4-805f-3bb265574388",
          "panels": [
            {
              "blueprint_panel_id": "ff3630e7-e3cd-4fdd-a24c-d3ae20cbec0b",
              "type": "icon",
              "data": {
                "uri": "Tabletop/tt1_card_play",
                "color_tint": "#000000FF",
                "color_background": "#00000000"
              }
            },
            {
              "blueprint_panel_id": "3383a203-2c3f-4dfe-9458-dddeb3a5a6da",
              "type": "icon",
              "data": {
                "uri": "Tabletop/tt1_card_play",
                "color_tint": "#000000FF",
                "color_background": "#00000000"
              }
            },
            {
              "blueprint_panel_id": "d194e983-3200-4a6c-a849-7ee43f877529",
              "type": "icon",
              "data": {
                "uri": "Tabletop/tt1_card_play",
                "color_tint": "#000000FF",
                "color_background": "#00000000"
              }
            }
          ]
        },
        {
          "blueprint_layer_id": "169a389c-2437-4f54-bc9d-efb37e27e74e",
          "panels": [
            {
              "blueprint_panel_id": "e606d380-1c56-4ec9-8ee4-e96394dccb6f",
              "type": "icon",
              "data": {
                "uri": "Tabletop/tt1_card_play",
                "color_tint": "#FFFFFFFD",
                "color_background": "#00000000"
              }
            },
            {
              "blueprint_panel_id": "713dafe5-2ba6-4fba-9df1-cdbb37a33a85",
              "type": "icon",
              "data": {
                "uri": "Tabletop/tt1_card_play",
                "color_tint": "#4963D6FF",
                "color_background": "#00000000"
              }
            },
            {
              "blueprint_panel_id": "e5411123-3b3e-4fe5-bcf6-02c1e03dbeae",
              "type": "icon",
              "data": {
                "uri": "Tabletop/tt1_card_play",
                "color_tint": "#FFFFFFFD",
                "color_background": "#00000000"
              }
            }
          ]
        }
      ]
    },
    {
      "card_id": "6ef82cc4-12b5-48b6-aa68-ff5998af6502",
      "amount": 2,
      "front_layers": [
        {
          "blueprint_layer_id": "ffca247a-7428-46b0-8660-41af98be25dd",
          "panels": [
            {
              "blueprint_panel_id": "2a83b6c3-f52a-4b9f-a881-cc824480a030",
              "type": "image",
              "data": {
                "tint": "#F2FF00FF"
              }
            }
          ]
        },
        {
          "blueprint_layer_id": "73571a18-7287-4fb4-805f-3bb265574388",
          "panels": [
            {
              "blueprint_panel_id": "ff3630e7-e3cd-4fdd-a24c-d3ae20cbec0b",
              "type": "icon",
              "data": {
                "uri": "Tabletop/tt1_card_play",
                "color_tint": "#000000FF",
                "color_background": "#00000000"
              }
            },
            {
              "blueprint_panel_id": "3383a203-2c3f-4dfe-9458-dddeb3a5a6da",
              "type": "icon",
              "data": {
                "uri": "Tabletop/tt1_card_play",
                "color_tint": "#000000FF",
                "color_background": "#00000000"
              }
            },
            {
              "blueprint_panel_id": "d194e983-3200-4a6c-a849-7ee43f877529",
              "type": "icon",
              "data": {
                "uri": "Tabletop/tt1_card_play",
                "color_tint": "#000000FF",
                "color_background": "#00000000"
              }
            }
          ]
        },
        {
          "blueprint_layer_id": "169a389c-2437-4f54-bc9d-efb37e27e74e",
          "panels": [
            {
              "blueprint_panel_id": "e606d380-1c56-4ec9-8ee4-e96394dccb6f",
              "type": "icon",
              "data": {
                "uri": "Tabletop/tt1_card_play",
                "color_tint": "#FFFFFFFD",
                "color_background": "#00000000"
              }
            },
            {
              "blueprint_panel_id": "713dafe5-2ba6-4fba-9df1-cdbb37a33a85",
              "type": "icon",
              "data": {
                "uri": "Tabletop/tt1_card_play",
                "color_tint": "#F2FF00FF",
                "color_background": "#00000000"
              }
            },
            {
              "blueprint_panel_id": "e5411123-3b3e-4fe5-bcf6-02c1e03dbeae",
              "type": "icon",
              "data": {
                "uri": "Tabletop/tt1_card_play",
                "color_tint": "#FFFFFFFD",
                "color_background": "#00000000"
              }
            }
          ]
        }
      ]
    },
    {
      "card_id": "d9bff67e-91af-4f3a-bfa4-13c46523b895",
      "amount": 2,
      "front_layers": [
        {
          "blueprint_layer_id": "ffca247a-7428-46b0-8660-41af98be25dd",
          "panels": [
            {
              "blueprint_panel_id": "2a83b6c3-f52a-4b9f-a881-cc824480a030",
              "type": "image",
              "data": {
                "tint": "#FF2D00FF"
              }
            }
          ]
        },
        {
          "blueprint_layer_id": "73571a18-7287-4fb4-805f-3bb265574388",
          "panels": [
            {
              "blueprint_panel_id": "ff3630e7-e3cd-4fdd-a24c-d3ae20cbec0b",
              "type": "icon",
              "data": {
                "uri": "Basic/st3_cycle",
                "color_tint": "#000000FF",
                "color_background": "#00000000"
              }
            },
            {
              "blueprint_panel_id": "3383a203-2c3f-4dfe-9458-dddeb3a5a6da",
              "type": "icon",
              "data": {
                "uri": "Basic/st3_cycle",
                "color_tint": "#000000FF",
                "color_background": "#00000000"
              }
            },
            {
              "blueprint_panel_id": "d194e983-3200-4a6c-a849-7ee43f877529",
              "type": "icon",
              "data": {
                "uri": "Basic/st3_cycle",
                "color_tint": "#000000FF",
                "color_background": "#00000000"
              }
            }
          ]
        },
        {
          "blueprint_layer_id": "169a389c-2437-4f54-bc9d-efb37e27e74e",
          "panels": [
            {
              "blueprint_panel_id": "e606d380-1c56-4ec9-8ee4-e96394dccb6f",
              "type": "icon",
              "data": {
                "uri": "Basic/st3_cycle",
                "color_tint": "#FFFFFFFD",
                "color_background": "#00000000"
              }
            },
            {
              "blueprint_panel_id": "713dafe5-2ba6-4fba-9df1-cdbb37a33a85",
              "type": "icon",
              "data": {
                "uri": "Basic/st3_cycle",
                "color_tint": "#FF0000FF",
                "color_background": "#00000000"
              }
            },
            {
              "blueprint_panel_id": "e5411123-3b3e-4fe5-bcf6-02c1e03dbeae",
              "type": "icon",
              "data": {
                "uri": "Basic/st3_cycle",
                "color_tint": "#FFFFFFFD",
                "color_background": "#00000000"
              }
            }
          ]
        }
      ]
    },
    {
      "card_id": "7f111957-94ca-4ea9-bcb4-5ac58c10d534",
      "amount": 2,
      "front_layers": [
        {
          "blueprint_layer_id": "ffca247a-7428-46b0-8660-41af98be25dd",
          "panels": [
            {
              "blueprint_panel_id": "2a83b6c3-f52a-4b9f-a881-cc824480a030",
              "type": "image",
              "data": {
                "tint": "#2BB225FF"
              }
            }
          ]
        },
        {
          "blueprint_layer_id": "73571a18-7287-4fb4-805f-3bb265574388",
          "panels": [
            {
              "blueprint_panel_id": "ff3630e7-e3cd-4fdd-a24c-d3ae20cbec0b",
              "type": "icon",
              "data": {
                "uri": "Basic/st3_cycle",
                "color_tint": "#000000FF",
                "color_background": "#00000000"
              }
            },
            {
              "blueprint_panel_id": "3383a203-2c3f-4dfe-9458-dddeb3a5a6da",
              "type": "icon",
              "data": {
                "uri": "Basic/st3_cycle",
                "color_tint": "#000000FF",
                "color_background": "#00000000"
              }
            },
            {
              "blueprint_panel_id": "d194e983-3200-4a6c-a849-7ee43f877529",
              "type": "icon",
              "data": {
                "uri": "Basic/st3_cycle",
                "color_tint": "#000000FF",
                "color_background": "#00000000"
              }
            }
          ]
        },
        {
          "blueprint_layer_id": "169a389c-2437-4f54-bc9d-efb37e27e74e",
          "panels": [
            {
              "blueprint_panel_id": "e606d380-1c56-4ec9-8ee4-e96394dccb6f",
              "type": "icon",
              "data": {
                "uri": "Basic/st3_cycle",
                "color_tint": "#FFFFFFFD",
                "color_background": "#00000000"
              }
            },
            {
              "blueprint_panel_id": "713dafe5-2ba6-4fba-9df1-cdbb37a33a85",
              "type": "icon",
              "data": {
                "uri": "Basic/st3_cycle",
                "color_tint": "#2BB225FF",
                "color_background": "#00000000"
              }
            },
            {
              "blueprint_panel_id": "e5411123-3b3e-4fe5-bcf6-02c1e03dbeae",
              "type": "icon",
              "data": {
                "uri": "Basic/st3_cycle",
                "color_tint": "#FFFFFFFD",
                "color_background": "#00000000"
              }
            }
          ]
        }
      ]
    },
    {
      "card_id": "e0e43a50-6bef-4543-ba25-51a2f633eb4c",
      "amount": 2,
      "front_layers": [
        {
          "blueprint_layer_id": "ffca247a-7428-46b0-8660-41af98be25dd",
          "panels": [
            {
              "blueprint_panel_id": "2a83b6c3-f52a-4b9f-a881-cc824480a030",
              "type": "image",
              "data": {
                "tint": "#4963D6FF"
              }
            }
          ]
        },
        {
          "blueprint_layer_id": "73571a18-7287-4fb4-805f-3bb265574388",
          "panels": [
            {
              "blueprint_panel_id": "ff3630e7-e3cd-4fdd-a24c-d3ae20cbec0b",
              "type": "icon",
              "data": {
                "uri": "Basic/st3_cycle",
                "color_tint": "#000000FF",
                "color_background": "#00000000"
              }
            },
            {
              "blueprint_panel_id": "3383a203-2c3f-4dfe-9458-dddeb3a5a6da",
              "type": "icon",
              "data": {
                "uri": "Basic/st3_cycle",
                "color_tint": "#000000FF",
                "color_background": "#00000000"
              }
            },
            {
              "blueprint_panel_id": "d194e983-3200-4a6c-a849-7ee43f877529",
              "type": "icon",
              "data": {
                "uri": "Basic/st3_cycle",
                "color_tint": "#000000FF",
                "color_background": "#00000000"
              }
            }
          ]
        },
        {
          "blueprint_layer_id": "169a389c-2437-4f54-bc9d-efb37e27e74e",
          "panels": [
            {
              "blueprint_panel_id": "e606d380-1c56-4ec9-8ee4-e96394dccb6f",
              "type": "icon",
              "data": {
                "uri": "Basic/st3_cycle",
                "color_tint": "#FFFFFFFD",
                "color_background": "#00000000"
              }
            },
            {
              "blueprint_panel_id": "713dafe5-2ba6-4fba-9df1-cdbb37a33a85",
              "type": "icon",
              "data": {
                "uri": "Basic/st3_cycle",
                "color_tint": "#4963D6FF",
                "color_background": "#00000000"
              }
            },
            {
              "blueprint_panel_id": "e5411123-3b3e-4fe5-bcf6-02c1e03dbeae",
              "type": "icon",
              "data": {
                "uri": "Basic/st3_cycle",
                "color_tint": "#FFFFFFFD",
                "color_background": "#00000000"
              }
            }
          ]
        }
      ]
    },
    {
      "card_id": "1805f57f-730d-4b67-a3c5-8c8b1558cd6f",
      "amount": 2,
      "front_layers": [
        {
          "blueprint_layer_id": "ffca247a-7428-46b0-8660-41af98be25dd",
          "panels": [
            {
              "blueprint_panel_id": "2a83b6c3-f52a-4b9f-a881-cc824480a030",
              "type": "image",
              "data": {
                "tint": "#F2FF00FF"
              }
            }
          ]
        },
        {
          "blueprint_layer_id": "73571a18-7287-4fb4-805f-3bb265574388",
          "panels": [
            {
              "blueprint_panel_id": "ff3630e7-e3cd-4fdd-a24c-d3ae20cbec0b",
              "type": "icon",
              "data": {
                "uri": "Basic/st3_cycle",
                "color_tint": "#000000FF",
                "color_background": "#00000000"
              }
            },
            {
              "blueprint_panel_id": "3383a203-2c3f-4dfe-9458-dddeb3a5a6da",
              "type": "icon",
              "data": {
                "uri": "Basic/st3_cycle",
                "color_tint": "#000000FF",
                "color_background": "#00000000"
              }
            },
            {
              "blueprint_panel_id": "d194e983-3200-4a6c-a849-7ee43f877529",
              "type": "icon",
              "data": {
                "uri": "Basic/st3_cycle",
                "color_tint": "#000000FF",
                "color_background": "#00000000"
              }
            }
          ]
        },
        {
          "blueprint_layer_id": "169a389c-2437-4f54-bc9d-efb37e27e74e",
          "panels": [
            {
              "blueprint_panel_id": "e606d380-1c56-4ec9-8ee4-e96394dccb6f",
              "type": "icon",
              "data": {
                "uri": "Basic/st3_cycle",
                "color_tint": "#FFFFFFFD",
                "color_background": "#00000000"
              }
            },
            {
              "blueprint_panel_id": "713dafe5-2ba6-4fba-9df1-cdbb37a33a85",
              "type": "icon",
              "data": {
                "uri": "Basic/st3_cycle",
                "color_tint": "#F2FF00FF",
                "color_background": "#00000000"
              }
            },
            {
              "blueprint_panel_id": "e5411123-3b3e-4fe5-bcf6-02c1e03dbeae",
              "type": "icon",
              "data": {
                "uri": "Basic/st3_cycle",
                "color_tint": "#FFFFFFFD",
                "color_background": "#00000000"
              }
            }
          ]
        }
      ]
    },
    {
      "card_id": "9ef0941a-2ba1-4771-8b57-70ca9012d445",
      "amount": 2,
      "front_layers": [
        {
          "blueprint_layer_id": "ffca247a-7428-46b0-8660-41af98be25dd",
          "panels": [
            {
              "blueprint_panel_id": "2a83b6c3-f52a-4b9f-a881-cc824480a030",
              "type": "image",
              "data": {
                "tint": "#FF2D00FF"
              }
            }
          ]
        },
        {
          "blueprint_layer_id": "73571a18-7287-4fb4-805f-3bb265574388",
          "panels": [
            {
              "blueprint_panel_id": "3383a203-2c3f-4dfe-9458-dddeb3a5a6da",
              "type": "icon",
              "data": {
                "uri": "Basic/st3_cancel",
                "color_tint": "#000000FF",
                "color_background": "#00000000"
              }
            }
          ]
        }
      ]
    },
    {
      "card_id": "58d7ac32-e2af-4365-a520-b752c81631d5",
      "amount": 2,
      "front_layers": [
        {
          "blueprint_layer_id": "ffca247a-7428-46b0-8660-41af98be25dd",
          "panels": [
            {
              "blueprint_panel_id": "2a83b6c3-f52a-4b9f-a881-cc824480a030",
              "type": "image",
              "data": {
                "tint": "#2BB225FF"
              }
            }
          ]
        },
        {
          "blueprint_layer_id": "73571a18-7287-4fb4-805f-3bb265574388",
          "panels": [
            {
              "blueprint_panel_id": "3383a203-2c3f-4dfe-9458-dddeb3a5a6da",
              "type": "icon",
              "data": {
                "uri": "Basic/st3_cancel",
                "color_tint": "#000000FF",
                "color_background": "#00000000"
              }
            }
          ]
        },
        {
          "blueprint_layer_id": "169a389c-2437-4f54-bc9d-efb37e27e74e",
          "panels": [
            {
              "blueprint_panel_id": "713dafe5-2ba6-4fba-9df1-cdbb37a33a85",
              "type": "icon",
              "data": {
                "uri": "Basic/st3_cancel",
                "color_tint": "#2BB225FF",
                "color_background": "#00000000"
              }
            }
          ]
        }
      ]
    },
    {
      "card_id": "863ca162-2b7d-43c1-b5d3-d825b8faccfe",
      "amount": 2,
      "front_layers": [
        {
          "blueprint_layer_id": "ffca247a-7428-46b0-8660-41af98be25dd",
          "panels": [
            {
              "blueprint_panel_id": "2a83b6c3-f52a-4b9f-a881-cc824480a030",
              "type": "image",
              "data": {
                "tint": "#4963D6FF"
              }
            }
          ]
        },
        {
          "blueprint_layer_id": "73571a18-7287-4fb4-805f-3bb265574388",
          "panels": [
            {
              "blueprint_panel_id": "3383a203-2c3f-4dfe-9458-dddeb3a5a6da",
              "type": "icon",
              "data": {
                "uri": "Basic/st3_cancel",
                "color_tint": "#000000FF",
                "color_background": "#00000000"
              }
            }
          ]
        },
        {
          "blueprint_layer_id": "169a389c-2437-4f54-bc9d-efb37e27e74e",
          "panels": [
            {
              "blueprint_panel_id": "713dafe5-2ba6-4fba-9df1-cdbb37a33a85",
              "type": "icon",
              "data": {
                "uri": "Basic/st3_cancel",
                "color_tint": "#4963D6FF",
                "color_background": "#00000000"
              }
            }
          ]
        }
      ]
    },
    {
      "card_id": "a91d70b5-d7dc-4116-9921-63f868325189",
      "amount": 2,
      "front_layers": [
        {
          "blueprint_layer_id": "ffca247a-7428-46b0-8660-41af98be25dd",
          "panels": [
            {
              "blueprint_panel_id": "2a83b6c3-f52a-4b9f-a881-cc824480a030",
              "type": "image",
              "data": {
                "tint": "#F2FF00FF"
              }
            }
          ]
        },
        {
          "blueprint_layer_id": "73571a18-7287-4fb4-805f-3bb265574388",
          "panels": [
            {
              "blueprint_panel_id": "3383a203-2c3f-4dfe-9458-dddeb3a5a6da",
              "type": "icon",
              "data": {
                "uri": "Basic/st3_cancel",
                "color_tint": "#000000FF",
                "color_background": "#00000000"
              }
            }
          ]
        },
        {
          "blueprint_layer_id": "169a389c-2437-4f54-bc9d-efb37e27e74e",
          "panels": [
            {
              "blueprint_panel_id": "713dafe5-2ba6-4fba-9df1-cdbb37a33a85",
              "type": "icon",
              "data": {
                "uri": "Basic/st3_cancel",
                "color_tint": "#F2FF00FF",
                "color_background": "#00000000"
              }
            }
          ]
        }
      ]
    }
  ]
}