{
  "version": 2.12,
  "cardset_id": "11869545-20ff-4e77-bd0a-2fea0e018156",
  "name": "Spades",
  "blueprint_id": "e8c8489b-eb21-4a18-a8f0-f0a7c489abfa",
  "hint_order_index": 4,
  "cards": [
    {
      "card_id": "64e0f36c-b6e0-470b-8982-fcab2d545b29",
      "amount": 1,
      "front_layers": [
        {
          "blueprint_layer_id": "5111eb4c-4bb1-407c-8f7d-4c540a6850d3",
          "panels": [
            {
              "blueprint_panel_id": "c5859f8a-1290-4ea9-b6d6-4f9a7f3c6563",
              "type": "icon",
              "data": {
                "uri": "Tabletop/tt1_card_suit_spades",
                "color_tint": "#424242FF",
                "color_background": "#00000000"
              }
            },
            {
              "blueprint_panel_id": "af5ca667-04d3-4392-9cab-5cddd06a4af7",
              "type": "text",
              "data": {
                "text": "A"
              }
            },
            {
              "blueprint_panel_id": "9624f075-6a44-4a2b-8f21-4727b9b1ab72",
              "type": "icon",
              "data": {
                "uri": "Tabletop/tt1_card_suit_spades",
                "color_tint": "#424242FF",
                "color_background": "#00000000"
              }
            }
          ]
        }
      ]
    },
    {
      "card_id": "596e8cfa-2255-4e8a-9141-4fb18499c6f9",
      "amount": 1,
      "front_layers": [
        {
          "blueprint_layer_id": "5111eb4c-4bb1-407c-8f7d-4c540a6850d3",
          "panels": [
            {
              "blueprint_panel_id": "c5859f8a-1290-4ea9-b6d6-4f9a7f3c6563",
              "type": "icon",
              "data": {
                "uri": "Tabletop/tt1_card_suit_spades",
                "color_tint": "#424242FF",
                "color_background": "#00000000"
              }
            },
            {
              "blueprint_panel_id": "af5ca667-04d3-4392-9cab-5cddd06a4af7",
              "type": "text",
              "data": {
                "text": "2"
              }
            },
            {
              "blueprint_panel_id": "9624f075-6a44-4a2b-8f21-4727b9b1ab72",
              "type": "icon",
              "data": {
                "uri": "Tabletop/tt1_card_suit_spades",
                "color_tint": "#424242FF",
                "color_background": "#00000000"
              }
            }
          ]
        }
      ]
    },
    {
      "card_id": "5683dc8c-86fe-480c-99e0-dd5ecc158a9d",
      "amount": 1,
      "front_layers": [
        {
          "blueprint_layer_id": "5111eb4c-4bb1-407c-8f7d-4c540a6850d3",
          "panels": [
            {
              "blueprint_panel_id": "c5859f8a-1290-4ea9-b6d6-4f9a7f3c6563",
              "type": "icon",
              "data": {
                "uri": "Tabletop/tt1_card_suit_spades",
                "color_tint": "#424242FF",
                "color_background": "#00000000"
              }
            },
            {
              "blueprint_panel_id": "af5ca667-04d3-4392-9cab-5cddd06a4af7",
              "type": "text",
              "data": {
                "text": "3"
              }
            },
            {
              "blueprint_panel_id": "9624f075-6a44-4a2b-8f21-4727b9b1ab72",
              "type": "icon",
              "data": {
                "uri": "Tabletop/tt1_card_suit_spades",
                "color_tint": "#424242FF",
                "color_background": "#00000000"
              }
            }
          ]
        }
      ]
    },
    {
      "card_id": "6b2b8e3c-9b07-494c-9433-afe663ac33fe",
      "amount": 1,
      "front_layers": [
        {
          "blueprint_layer_id": "5111eb4c-4bb1-407c-8f7d-4c540a6850d3",
          "panels": [
            {
              "blueprint_panel_id": "c5859f8a-1290-4ea9-b6d6-4f9a7f3c6563",
              "type": "icon",
              "data": {
                "uri": "Tabletop/tt1_card_suit_spades",
                "color_tint": "#424242FF",
                "color_background": "#00000000"
              }
            },
            {
              "blueprint_panel_id": "af5ca667-04d3-4392-9cab-5cddd06a4af7",
              "type": "text",
              "data": {
                "text": "4"
              }
            },
            {
              "blueprint_panel_id": "9624f075-6a44-4a2b-8f21-4727b9b1ab72",
              "type": "icon",
              "data": {
                "uri": "Tabletop/tt1_card_suit_spades",
                "color_tint": "#424242FF",
                "color_background": "#00000000"
              }
            }
          ]
        }
      ]
    },
    {
      "card_id": "dee101fd-2857-461d-a408-0f86880a0730",
      "amount": 1,
      "front_layers": [
        {
          "blueprint_layer_id": "5111eb4c-4bb1-407c-8f7d-4c540a6850d3",
          "panels": [
            {
              "blueprint_panel_id": "c5859f8a-1290-4ea9-b6d6-4f9a7f3c6563",
              "type": "icon",
              "data": {
                "uri": "Tabletop/tt1_card_suit_spades",
                "color_tint": "#424242FF",
                "color_background": "#00000000"
              }
            },
            {
              "blueprint_panel_id": "af5ca667-04d3-4392-9cab-5cddd06a4af7",
              "type": "text",
              "data": {
                "text": "5"
              }
            },
            {
              "blueprint_panel_id": "9624f075-6a44-4a2b-8f21-4727b9b1ab72",
              "type": "icon",
              "data": {
                "uri": "Tabletop/tt1_card_suit_spades",
                "color_tint": "#424242FF",
                "color_background": "#00000000"
              }
            }
          ]
        }
      ]
    },
    {
      "card_id": "a63d0079-46ae-41a5-b5a1-d317ed9a21e4",
      "amount": 1,
      "front_layers": [
        {
          "blueprint_layer_id": "5111eb4c-4bb1-407c-8f7d-4c540a6850d3",
          "panels": [
            {
              "blueprint_panel_id": "c5859f8a-1290-4ea9-b6d6-4f9a7f3c6563",
              "type": "icon",
              "data": {
                "uri": "Tabletop/tt1_card_suit_spades",
                "color_tint": "#424242FF",
                "color_background": "#00000000"
              }
            },
            {
              "blueprint_panel_id": "af5ca667-04d3-4392-9cab-5cddd06a4af7",
              "type": "text",
              "data": {
                "text": "6"
              }
            },
            {
              "blueprint_panel_id": "9624f075-6a44-4a2b-8f21-4727b9b1ab72",
              "type": "icon",
              "data": {
                "uri": "Tabletop/tt1_card_suit_spades",
                "color_tint": "#424242FF",
                "color_background": "#00000000"
              }
            }
          ]
        }
      ]
    },
    {
      "card_id": "fde1fa7e-2788-44e1-be6e-8027cf917183",
      "amount": 1,
      "front_layers": [
        {
          "blueprint_layer_id": "5111eb4c-4bb1-407c-8f7d-4c540a6850d3",
          "panels": [
            {
              "blueprint_panel_id": "c5859f8a-1290-4ea9-b6d6-4f9a7f3c6563",
              "type": "icon",
              "data": {
                "uri": "Tabletop/tt1_card_suit_spades",
                "color_tint": "#424242FF",
                "color_background": "#00000000"
              }
            },
            {
              "blueprint_panel_id": "af5ca667-04d3-4392-9cab-5cddd06a4af7",
              "type": "text",
              "data": {
                "text": "7"
              }
            },
            {
              "blueprint_panel_id": "9624f075-6a44-4a2b-8f21-4727b9b1ab72",
              "type": "icon",
              "data": {
                "uri": "Tabletop/tt1_card_suit_spades",
                "color_tint": "#424242FF",
                "color_background": "#00000000"
              }
            }
          ]
        }
      ]
    },
    {
      "card_id": "092f2024-9c3e-48a6-9b61-54eec67283c1",
      "amount": 1,
      "front_layers": [
        {
          "blueprint_layer_id": "5111eb4c-4bb1-407c-8f7d-4c540a6850d3",
          "panels": [
            {
              "blueprint_panel_id": "c5859f8a-1290-4ea9-b6d6-4f9a7f3c6563",
              "type": "icon",
              "data": {
                "uri": "Tabletop/tt1_card_suit_spades",
                "color_tint": "#424242FF",
                "color_background": "#00000000"
              }
            },
            {
              "blueprint_panel_id": "af5ca667-04d3-4392-9cab-5cddd06a4af7",
              "type": "text",
              "data": {
                "text": "8"
              }
            },
            {
              "blueprint_panel_id": "9624f075-6a44-4a2b-8f21-4727b9b1ab72",
              "type": "icon",
              "data": {
                "uri": "Tabletop/tt1_card_suit_spades",
                "color_tint": "#424242FF",
                "color_background": "#00000000"
              }
            }
          ]
        }
      ]
    },
    {
      "card_id": "e76ad908-41e8-467a-b9c1-b183f52e98eb",
      "amount": 1,
      "front_layers": [
        {
          "blueprint_layer_id": "5111eb4c-4bb1-407c-8f7d-4c540a6850d3",
          "panels": [
            {
              "blueprint_panel_id": "c5859f8a-1290-4ea9-b6d6-4f9a7f3c6563",
              "type": "icon",
              "data": {
                "uri": "Tabletop/tt1_card_suit_spades",
                "color_tint": "#424242FF",
                "color_background": "#00000000"
              }
            },
            {
              "blueprint_panel_id": "af5ca667-04d3-4392-9cab-5cddd06a4af7",
              "type": "text",
              "data": {
                "text": "9"
              }
            },
            {
              "blueprint_panel_id": "9624f075-6a44-4a2b-8f21-4727b9b1ab72",
              "type": "icon",
              "data": {
                "uri": "Tabletop/tt1_card_suit_spades",
                "color_tint": "#424242FF",
                "color_background": "#00000000"
              }
            }
          ]
        }
      ]
    },
    {
      "card_id": "049a8277-a801-49d8-85e9-ca8fd95a950b",
      "amount": 1,
      "front_layers": [
        {
          "blueprint_layer_id": "5111eb4c-4bb1-407c-8f7d-4c540a6850d3",
          "panels": [
            {
              "blueprint_panel_id": "c5859f8a-1290-4ea9-b6d6-4f9a7f3c6563",
              "type": "icon",
              "data": {
                "uri": "Tabletop/tt1_card_suit_spades",
                "color_tint": "#424242FF",
                "color_background": "#00000000"
              }
            },
            {
              "blueprint_panel_id": "af5ca667-04d3-4392-9cab-5cddd06a4af7",
              "type": "text",
              "data": {
                "text": "10"
              }
            },
            {
              "blueprint_panel_id": "9624f075-6a44-4a2b-8f21-4727b9b1ab72",
              "type": "icon",
              "data": {
                "uri": "Tabletop/tt1_card_suit_spades",
                "color_tint": "#424242FF",
                "color_background": "#00000000"
              }
            }
          ]
        }
      ]
    },
    {
      "card_id": "506cf09f-9108-4a11-a042-31459458baaf",
      "amount": 1,
      "front_layers": [
        {
          "blueprint_layer_id": "5111eb4c-4bb1-407c-8f7d-4c540a6850d3",
          "panels": [
            {
              "blueprint_panel_id": "c5859f8a-1290-4ea9-b6d6-4f9a7f3c6563",
              "type": "icon",
              "data": {
                "uri": "Tabletop/tt1_card_suit_spades",
                "color_tint": "#424242FF",
                "color_background": "#00000000"
              }
            },
            {
              "blueprint_panel_id": "af5ca667-04d3-4392-9cab-5cddd06a4af7",
              "type": "text",
              "data": {
                "text": "J"
              }
            },
            {
              "blueprint_panel_id": "9624f075-6a44-4a2b-8f21-4727b9b1ab72",
              "type": "icon",
              "data": {
                "uri": "Tabletop/tt1_card_suit_spades",
                "color_tint": "#424242FF",
                "color_background": "#00000000"
              }
            }
          ]
        }
      ]
    },
    {
      "card_id": "6ef48534-d71b-4643-845c-fd62e47ee8f3",
      "amount": 1,
      "front_layers": [
        {
          "blueprint_layer_id": "5111eb4c-4bb1-407c-8f7d-4c540a6850d3",
          "panels": [
            {
              "blueprint_panel_id": "c5859f8a-1290-4ea9-b6d6-4f9a7f3c6563",
              "type": "icon",
              "data": {
                "uri": "Tabletop/tt1_card_suit_spades",
                "color_tint": "#424242FF",
                "color_background": "#00000000"
              }
            },
            {
              "blueprint_panel_id": "af5ca667-04d3-4392-9cab-5cddd06a4af7",
              "type": "text",
              "data": {
                "text": "Q"
              }
            },
            {
              "blueprint_panel_id": "9624f075-6a44-4a2b-8f21-4727b9b1ab72",
              "type": "icon",
              "data": {
                "uri": "Tabletop/tt1_card_suit_spades",
                "color_tint": "#424242FF",
                "color_background": "#00000000"
              }
            }
          ]
        }
      ]
    },
    {
      "card_id": "c53a6dea-4b1f-4515-978b-67ab5cb362df",
      "amount": 1,
      "front_layers": [
        {
          "blueprint_layer_id": "5111eb4c-4bb1-407c-8f7d-4c540a6850d3",
          "panels": [
            {
              "blueprint_panel_id": "c5859f8a-1290-4ea9-b6d6-4f9a7f3c6563",
              "type": "icon",
              "data": {
                "uri": "Tabletop/tt1_card_suit_spades",
                "color_tint": "#424242FF",
                "color_background": "#00000000"
              }
            },
            {
              "blueprint_panel_id": "af5ca667-04d3-4392-9cab-5cddd06a4af7",
              "type": "text",
              "data": {
                "text": "K"
              }
            },
            {
              "blueprint_panel_id": "9624f075-6a44-4a2b-8f21-4727b9b1ab72",
              "type": "icon",
              "data": {
                "uri": "Tabletop/tt1_card_suit_spades",
                "color_tint": "#424242FF",
                "color_background": "#00000000"
              }
            }
          ]
        }
      ]
    }
  ]
}