{
  "version": 2.12,
  "cardset_id": "14343978-05fc-4d38-9173-d0c1d0e95817",
  "name": "Diamonds",
  "blueprint_id": "e8c8489b-eb21-4a18-a8f0-f0a7c489abfa",
  "hint_order_index": 3,
  "cards": [
    {
      "card_id": "910220a7-5029-4c99-8800-b7bd537b0664",
      "amount": 1,
      "front_layers": [
        {
          "blueprint_layer_id": "5111eb4c-4bb1-407c-8f7d-4c540a6850d3",
          "panels": [
            {
              "blueprint_panel_id": "c5859f8a-1290-4ea9-b6d6-4f9a7f3c6563",
              "type": "icon",
              "data": {
                "uri": "Tabletop/tt1_card_suit_diamonds",
                "color_tint": "#FF0000FF",
                "color_background": "#00000000"
              }
            },
            {
              "blueprint_panel_id": "af5ca667-04d3-4392-9cab-5cddd06a4af7",
              "type": "text",
              "data": {
                "text": "A"
              }
            },
            {
              "blueprint_panel_id": "9624f075-6a44-4a2b-8f21-4727b9b1ab72",
              "type": "icon",
              "data": {
                "uri": "Tabletop/tt1_card_suit_diamonds",
                "color_tint": "#FF0000FF",
                "color_background": "#00000000"
              }
            }
          ]
        }
      ]
    },
    {
      "card_id": "017d31f1-678e-44ab-9a8d-6a94a7347383",
      "amount": 1,
      "front_layers": [
        {
          "blueprint_layer_id": "5111eb4c-4bb1-407c-8f7d-4c540a6850d3",
          "panels": [
            {
              "blueprint_panel_id": "c5859f8a-1290-4ea9-b6d6-4f9a7f3c6563",
              "type": "icon",
              "data": {
                "uri": "Tabletop/tt1_card_suit_diamonds",
                "color_tint": "#FF0000FF",
                "color_background": "#00000000"
              }
            },
            {
              "blueprint_panel_id": "af5ca667-04d3-4392-9cab-5cddd06a4af7",
              "type": "text",
              "data": {
                "text": "2"
              }
            },
            {
              "blueprint_panel_id": "9624f075-6a44-4a2b-8f21-4727b9b1ab72",
              "type": "icon",
              "data": {
                "uri": "Tabletop/tt1_card_suit_diamonds",
                "color_tint": "#FF0000FF",
                "color_background": "#00000000"
              }
            }
          ]
        }
      ]
    },
    {
      "card_id": "353d54f4-3023-4e78-87d4-797ba6946332",
      "amount": 1,
      "front_layers": [
        {
          "blueprint_layer_id": "5111eb4c-4bb1-407c-8f7d-4c540a6850d3",
          "panels": [
            {
              "blueprint_panel_id": "c5859f8a-1290-4ea9-b6d6-4f9a7f3c6563",
              "type": "icon",
              "data": {
                "uri": "Tabletop/tt1_card_suit_diamonds",
                "color_tint": "#FF0000FF",
                "color_background": "#00000000"
              }
            },
            {
              "blueprint_panel_id": "af5ca667-04d3-4392-9cab-5cddd06a4af7",
              "type": "text",
              "data": {
                "text": "3"
              }
            },
            {
              "blueprint_panel_id": "9624f075-6a44-4a2b-8f21-4727b9b1ab72",
              "type": "icon",
              "data": {
                "uri": "Tabletop/tt1_card_suit_diamonds",
                "color_tint": "#FF0000FF",
                "color_background": "#00000000"
              }
            }
          ]
        }
      ]
    },
    {
      "card_id": "0880b008-27d5-44e1-91f9-46a06e8b20e9",
      "amount": 1,
      "front_layers": [
        {
          "blueprint_layer_id": "5111eb4c-4bb1-407c-8f7d-4c540a6850d3",
          "panels": [
            {
              "blueprint_panel_id": "c5859f8a-1290-4ea9-b6d6-4f9a7f3c6563",
              "type": "icon",
              "data": {
                "uri": "Tabletop/tt1_card_suit_diamonds",
                "color_tint": "#FF0000FF",
                "color_background": "#00000000"
              }
            },
            {
              "blueprint_panel_id": "af5ca667-04d3-4392-9cab-5cddd06a4af7",
              "type": "text",
              "data": {
                "text": "4"
              }
            },
            {
              "blueprint_panel_id": "9624f075-6a44-4a2b-8f21-4727b9b1ab72",
              "type": "icon",
              "data": {
                "uri": "Tabletop/tt1_card_suit_diamonds",
                "color_tint": "#FF0000FF",
                "color_background": "#00000000"
              }
            }
          ]
        }
      ]
    },
    {
      "card_id": "fdffff37-cffc-4bdb-bb6a-34a7ca08e8ef",
      "amount": 1,
      "front_layers": [
        {
          "blueprint_layer_id": "5111eb4c-4bb1-407c-8f7d-4c540a6850d3",
          "panels": [
            {
              "blueprint_panel_id": "c5859f8a-1290-4ea9-b6d6-4f9a7f3c6563",
              "type": "icon",
              "data": {
                "uri": "Tabletop/tt1_card_suit_diamonds",
                "color_tint": "#FF0000FF",
                "color_background": "#00000000"
              }
            },
            {
              "blueprint_panel_id": "af5ca667-04d3-4392-9cab-5cddd06a4af7",
              "type": "text",
              "data": {
                "text": "5"
              }
            },
            {
              "blueprint_panel_id": "9624f075-6a44-4a2b-8f21-4727b9b1ab72",
              "type": "icon",
              "data": {
                "uri": "Tabletop/tt1_card_suit_diamonds",
                "color_tint": "#FF0000FF",
                "color_background": "#00000000"
              }
            }
          ]
        }
      ]
    },
    {
      "card_id": "441a4695-0123-4ffa-91d6-d99c7998f16b",
      "amount": 1,
      "front_layers": [
        {
          "blueprint_layer_id": "5111eb4c-4bb1-407c-8f7d-4c540a6850d3",
          "panels": [
            {
              "blueprint_panel_id": "c5859f8a-1290-4ea9-b6d6-4f9a7f3c6563",
              "type": "icon",
              "data": {
                "uri": "Tabletop/tt1_card_suit_diamonds",
                "color_tint": "#FF0000FF",
                "color_background": "#00000000"
              }
            },
            {
              "blueprint_panel_id": "af5ca667-04d3-4392-9cab-5cddd06a4af7",
              "type": "text",
              "data": {
                "text": "6"
              }
            },
            {
              "blueprint_panel_id": "9624f075-6a44-4a2b-8f21-4727b9b1ab72",
              "type": "icon",
              "data": {
                "uri": "Tabletop/tt1_card_suit_diamonds",
                "color_tint": "#FF0000FF",
                "color_background": "#00000000"
              }
            }
          ]
        }
      ]
    },
    {
      "card_id": "ff4f7080-3b04-40be-9d80-e217c71d8b1b",
      "amount": 1,
      "front_layers": [
        {
          "blueprint_layer_id": "5111eb4c-4bb1-407c-8f7d-4c540a6850d3",
          "panels": [
            {
              "blueprint_panel_id": "c5859f8a-1290-4ea9-b6d6-4f9a7f3c6563",
              "type": "icon",
              "data": {
                "uri": "Tabletop/tt1_card_suit_diamonds",
                "color_tint": "#FF0000FF",
                "color_background": "#00000000"
              }
            },
            {
              "blueprint_panel_id": "af5ca667-04d3-4392-9cab-5cddd06a4af7",
              "type": "text",
              "data": {
                "text": "7"
              }
            },
            {
              "blueprint_panel_id": "9624f075-6a44-4a2b-8f21-4727b9b1ab72",
              "type": "icon",
              "data": {
                "uri": "Tabletop/tt1_card_suit_diamonds",
                "color_tint": "#FF0000FF",
                "color_background": "#00000000"
              }
            }
          ]
        }
      ]
    },
    {
      "card_id": "c1a03507-7732-4c67-a474-89f2c114d776",
      "amount": 1,
      "front_layers": [
        {
          "blueprint_layer_id": "5111eb4c-4bb1-407c-8f7d-4c540a6850d3",
          "panels": [
            {
              "blueprint_panel_id": "c5859f8a-1290-4ea9-b6d6-4f9a7f3c6563",
              "type": "icon",
              "data": {
                "uri": "Tabletop/tt1_card_suit_diamonds",
                "color_tint": "#FF0000FF",
                "color_background": "#00000000"
              }
            },
            {
              "blueprint_panel_id": "af5ca667-04d3-4392-9cab-5cddd06a4af7",
              "type": "text",
              "data": {
                "text": "8"
              }
            },
            {
              "blueprint_panel_id": "9624f075-6a44-4a2b-8f21-4727b9b1ab72",
              "type": "icon",
              "data": {
                "uri": "Tabletop/tt1_card_suit_diamonds",
                "color_tint": "#FF0000FF",
                "color_background": "#00000000"
              }
            }
          ]
        }
      ]
    },
    {
      "card_id": "237f0f41-b109-4eaa-8808-b85fc80e3d32",
      "amount": 1,
      "front_layers": [
        {
          "blueprint_layer_id": "5111eb4c-4bb1-407c-8f7d-4c540a6850d3",
          "panels": [
            {
              "blueprint_panel_id": "c5859f8a-1290-4ea9-b6d6-4f9a7f3c6563",
              "type": "icon",
              "data": {
                "uri": "Tabletop/tt1_card_suit_diamonds",
                "color_tint": "#FF0000FF",
                "color_background": "#00000000"
              }
            },
            {
              "blueprint_panel_id": "af5ca667-04d3-4392-9cab-5cddd06a4af7",
              "type": "text",
              "data": {
                "text": "9"
              }
            },
            {
              "blueprint_panel_id": "9624f075-6a44-4a2b-8f21-4727b9b1ab72",
              "type": "icon",
              "data": {
                "uri": "Tabletop/tt1_card_suit_diamonds",
                "color_tint": "#FF0000FF",
                "color_background": "#00000000"
              }
            }
          ]
        }
      ]
    },
    {
      "card_id": "3cba4625-3257-4f70-b712-1710a1658a45",
      "amount": 1,
      "front_layers": [
        {
          "blueprint_layer_id": "5111eb4c-4bb1-407c-8f7d-4c540a6850d3",
          "panels": [
            {
              "blueprint_panel_id": "c5859f8a-1290-4ea9-b6d6-4f9a7f3c6563",
              "type": "icon",
              "data": {
                "uri": "Tabletop/tt1_card_suit_diamonds",
                "color_tint": "#FF0000FF",
                "color_background": "#00000000"
              }
            },
            {
              "blueprint_panel_id": "af5ca667-04d3-4392-9cab-5cddd06a4af7",
              "type": "text",
              "data": {
                "text": "10"
              }
            },
            {
              "blueprint_panel_id": "9624f075-6a44-4a2b-8f21-4727b9b1ab72",
              "type": "icon",
              "data": {
                "uri": "Tabletop/tt1_card_suit_diamonds",
                "color_tint": "#FF0000FF",
                "color_background": "#00000000"
              }
            }
          ]
        }
      ]
    },
    {
      "card_id": "c1476320-8ce6-4f68-be49-500f85da37d4",
      "amount": 1,
      "front_layers": [
        {
          "blueprint_layer_id": "5111eb4c-4bb1-407c-8f7d-4c540a6850d3",
          "panels": [
            {
              "blueprint_panel_id": "c5859f8a-1290-4ea9-b6d6-4f9a7f3c6563",
              "type": "icon",
              "data": {
                "uri": "Tabletop/tt1_card_suit_diamonds",
                "color_tint": "#FF0000FF",
                "color_background": "#00000000"
              }
            },
            {
              "blueprint_panel_id": "af5ca667-04d3-4392-9cab-5cddd06a4af7",
              "type": "text",
              "data": {
                "text": "J"
              }
            },
            {
              "blueprint_panel_id": "9624f075-6a44-4a2b-8f21-4727b9b1ab72",
              "type": "icon",
              "data": {
                "uri": "Tabletop/tt1_card_suit_diamonds",
                "color_tint": "#FF0000FF",
                "color_background": "#00000000"
              }
            }
          ]
        }
      ]
    },
    {
      "card_id": "b5e530e9-f7c4-49bb-82f2-4114b7103e9d",
      "amount": 1,
      "front_layers": [
        {
          "blueprint_layer_id": "5111eb4c-4bb1-407c-8f7d-4c540a6850d3",
          "panels": [
            {
              "blueprint_panel_id": "c5859f8a-1290-4ea9-b6d6-4f9a7f3c6563",
              "type": "icon",
              "data": {
                "uri": "Tabletop/tt1_card_suit_diamonds",
                "color_tint": "#FF0000FF",
                "color_background": "#00000000"
              }
            },
            {
              "blueprint_panel_id": "af5ca667-04d3-4392-9cab-5cddd06a4af7",
              "type": "text",
              "data": {
                "text": "Q"
              }
            },
            {
              "blueprint_panel_id": "9624f075-6a44-4a2b-8f21-4727b9b1ab72",
              "type": "icon",
              "data": {
                "uri": "Tabletop/tt1_card_suit_diamonds",
                "color_tint": "#FF0000FF",
                "color_background": "#00000000"
              }
            }
          ]
        }
      ]
    },
    {
      "card_id": "f022b99d-6fc7-46b7-bc46-174b1cfa4adc",
      "amount": 1,
      "front_layers": [
        {
          "blueprint_layer_id": "5111eb4c-4bb1-407c-8f7d-4c540a6850d3",
          "panels": [
            {
              "blueprint_panel_id": "c5859f8a-1290-4ea9-b6d6-4f9a7f3c6563",
              "type": "icon",
              "data": {
                "uri": "Tabletop/tt1_card_suit_diamonds",
                "color_tint": "#FF0000FF",
                "color_background": "#00000000"
              }
            },
            {
              "blueprint_panel_id": "af5ca667-04d3-4392-9cab-5cddd06a4af7",
              "type": "text",
              "data": {
                "text": "K"
              }
            },
            {
              "blueprint_panel_id": "9624f075-6a44-4a2b-8f21-4727b9b1ab72",
              "type": "icon",
              "data": {
                "uri": "Tabletop/tt1_card_suit_diamonds",
                "color_tint": "#FF0000FF",
                "color_background": "#00000000"
              }
            }
          ]
        }
      ]
    }
  ]
}