{
  "version": 2.12,
  "blueprint_id": "e8c8489b-eb21-4a18-a8f0-f0a7c489abfa",
  "name": "Poker Card",
  "layout_size": "63.5, 88.9",
  "layout_grid_size": "0.232, 0.5",
  "main_panel_id": "af5ca667-04d3-4392-9cab-5cddd06a4af7",
  "front_layers": [
    {
      "layer_id": "6c16ed02-6dbe-4384-8288-156730eaa686",
      "name": "Background",
      "padding": 0.0,
      "spacing": 0.025,
      "panels": [
        {
          "panel_id": "2ef8ab60-a9d6-4b83-af80-1e7a3785612b",
          "name": "",
          "enabled": true,
          "locked": true,
          "rotation": 0,
          "padding": "0, 0, 0, 0",
          "material_name": "Blank",
          "material_selection": 0,
          "material_tint": "#00000000",
          "anchor_min": "0, 0",
          "anchor_min_render": "0, 0",
          "anchor_max": "1, 1",
          "anchor_max_render": "1, 1",
          "type": "image",
          "data": {
            "uri": "",
            "mask_uri": "",
            "fit_mode": "fit",
            "zoom": 1.0,
            "offset": "0, 0",
            "tint": "#FFFFFFFF"
          },
          "sort_mode": "0",
          "split_mode": "none",
          "parent_panel_id": "00000000-0000-0000-0000-000000000000"
        }
      ]
    },
    {
      "layer_id": "5111eb4c-4bb1-407c-8f7d-4c540a6850d3",
      "name": "Base",
      "padding": 0.05,
      "spacing": 0.0,
      "panels": [
        {
          "panel_id": "b155703a-8a4d-4ee6-b08b-0796511d8a88",
          "name": "",
          "enabled": true,
          "locked": false,
          "rotation": 0,
          "padding": "0, 0, 0, 0",
          "material_name": "Blank",
          "material_selection": 0,
          "material_tint": "#00000000",
          "anchor_min": "0, 0",
          "anchor_min_render": "0, 0",
          "anchor_max": "1, 0.2037037",
          "anchor_max_render": "1, 0.2037037",
          "type": "none",
          "data": {},
          "sort_mode": "-1",
          "split_mode": "horizontal",
          "parent_panel_id": "00000000-0000-0000-0000-000000000000"
        },
        {
          "panel_id": "5ee21cab-2880-44d4-ac1b-4109559b74a3",
          "name": "",
          "enabled": true,
          "locked": false,
          "rotation": 0,
          "padding": "0, 0, 0, 0",
          "material_name": "Blank",
          "material_selection": 0,
          "material_tint": "#00000000",
          "anchor_min": "0, 0",
          "anchor_min_render": "0, 0",
          "anchor_max": "0.7105263, 1",
          "anchor_max_render": "0.7105264, 0.2037037",
          "type": "none",
          "data": {},
          "sort_mode": "1",
          "split_mode": "vertical",
          "parent_panel_id": "b155703a-8a4d-4ee6-b08b-0796511d8a88"
        },
        {
          "panel_id": "c5859f8a-1290-4ea9-b6d6-4f9a7f3c6563",
          "name": "",
          "enabled": true,
          "locked": false,
          "rotation": 180,
          "padding": "0, 0, 0, 0",
          "material_name": "Blank",
          "material_selection": 0,
          "material_tint": "#00000000",
          "anchor_min": "0.7105263, 0",
          "anchor_min_render": "0.7105263, 0",
          "anchor_max": "1, 1",
          "anchor_max_render": "1, 0.2037037",
          "type": "icon",
          "data": {
            "uri": "Basic/st1_star",
            "color_tint": "#424242FF",
            "color_background": "#00000000"
          },
          "sort_mode": "2",
          "split_mode": "vertical",
          "parent_panel_id": "b155703a-8a4d-4ee6-b08b-0796511d8a88"
        },
        {
          "panel_id": "af5ca667-04d3-4392-9cab-5cddd06a4af7",
          "name": "",
          "enabled": true,
          "locked": false,
          "rotation": 0,
          "padding": "0, 0, 0, 0",
          "material_name": "Blank",
          "material_selection": 0,
          "material_tint": "#00000000",
          "anchor_min": "0, 0.2037037",
          "anchor_min_render": "0, 0.2037037",
          "anchor_max": "1, 0.7962963",
          "anchor_max_render": "1, 0.7962962",
          "type": "text",
          "data": {
            "font_family": "Lato",
            "font_preferred_size": 326,
            "line_spacing": 1.0,
            "text_anchor": "middlecenter",
            "text": "0",
            "color": "#000000B4",
            "outline_length": 1.0,
            "outline_color": "#FFFFFF00"
          },
          "sort_mode": "3",
          "split_mode": "horizontal",
          "parent_panel_id": "00000000-0000-0000-0000-000000000000"
        },
        {
          "panel_id": "26a1e863-895c-48e7-8cf9-0ed010b694be",
          "name": "",
          "enabled": true,
          "locked": false,
          "rotation": 0,
          "padding": "0, 0, 0, 0",
          "material_name": "Blank",
          "material_selection": 0,
          "material_tint": "#00000000",
          "anchor_min": "0, 0.7962963",
          "anchor_min_render": "0, 0.7962962",
          "anchor_max": "1, 1",
          "anchor_max_render": "1, 0.9999999",
          "type": "none",
          "data": {},
          "sort_mode": "-1",
          "split_mode": "horizontal",
          "parent_panel_id": "00000000-0000-0000-0000-000000000000"
        },
        {
          "panel_id": "9624f075-6a44-4a2b-8f21-4727b9b1ab72",
          "name": "",
          "enabled": true,
          "locked": false,
          "rotation": 0,
          "padding": "0, 0, 0, 0",
          "material_name": "Blank",
          "material_selection": 0,
          "material_tint": "#00000000",
          "anchor_min": "0, 0",
          "anchor_min_render": "0, 0.7962962",
          "anchor_max": "0.2894737, 1",
          "anchor_max_render": "0.2894739, 0.9999999",
          "type": "icon",
          "data": {
            "uri": "Basic/st1_star",
            "color_tint": "#424242FF",
            "color_background": "#00000000"
          },
          "sort_mode": "4",
          "split_mode": "vertical",
          "parent_panel_id": "26a1e863-895c-48e7-8cf9-0ed010b694be"
        },
        {
          "panel_id": "22fe2b0d-d0d2-4789-9f00-18e8eb129d3e",
          "name": "",
          "enabled": true,
          "locked": false,
          "rotation": 0,
          "padding": "0, 0, 0, 0",
          "material_name": "Blank",
          "material_selection": 0,
          "material_tint": "#00000000",
          "anchor_min": "0.2894737, 0",
          "anchor_min_render": "0.2894737, 0.7962962",
          "anchor_max": "1, 1",
          "anchor_max_render": "1, 0.9999999",
          "type": "none",
          "data": {},
          "sort_mode": "5",
          "split_mode": "vertical",
          "parent_panel_id": "26a1e863-895c-48e7-8cf9-0ed010b694be"
        }
      ]
    }
  ],
  "back_layers": [
    {
      "layer_id": "f79120bb-435e-4b12-8ed7-dc076f835a5a",
      "name": "Back",
      "padding": 2.638507E-05,
      "spacing": 0.025,
      "panels": [
        {
          "panel_id": "de0430e8-9666-415b-ba99-76a06aadd0e5",
          "name": "",
          "enabled": true,
          "locked": false,
          "rotation": 0,
          "padding": "0, 0, 0, 0",
          "material_name": "Blank",
          "material_selection": 0,
          "material_tint": "#00000000",
          "anchor_min": "0, 0",
          "anchor_min_render": "0, 0",
          "anchor_max": "1, 1",
          "anchor_max_render": "1, 1",
          "type": "image",
          "data": {
            "uri": "",
            "mask_uri": "",
            "fit_mode": "fit",
            "zoom": 1.0,
            "offset": "0, 0",
            "tint": "#FFFFFFFF"
          },
          "sort_mode": "6",
          "split_mode": "none",
          "parent_panel_id": "00000000-0000-0000-0000-000000000000"
        }
      ]
    }
  ]
}