{
  "version": 2.12,
  "cardset_id": "320b656c-e266-481b-8e26-3b17ffb5d1bb",
  "name": "Question cards",
  "blueprint_id": "4c899a42-76bc-4cca-8381-6f37cfa2124e",
  "hint_order_index": 1,
  "cards": [
    {
      "card_id": "45643aa9-98ac-433d-95d9-9a32dbce4c31",
      "amount": 1,
      "front_layers": [
        {
          "blueprint_layer_id": "5111eb4c-4bb1-407c-8f7d-4c540a6850d3",
          "panels": [
            {
              "blueprint_panel_id": "e14cf13f-fd34-4ed5-bb6d-78021bdd7a2b",
              "type": "text",
              "data": {
                "text": "_______ , the fastest way to make your family happy."
              }
            }
          ]
        }
      ]
    },
    {
      "card_id": "d4f9e085-ae98-4df4-b2a9-725878508bfb",
      "amount": 1,
      "front_layers": [
        {
          "blueprint_layer_id": "5111eb4c-4bb1-407c-8f7d-4c540a6850d3",
          "panels": [
            {
              "blueprint_panel_id": "e14cf13f-fd34-4ed5-bb6d-78021bdd7a2b",
              "type": "text",
              "data": {
                "text": "The best way to introduce yourself to a stranger is _______ ."
              }
            }
          ]
        }
      ]
    },
    {
      "card_id": "46bb4576-5073-47a6-9b30-d28c38d6f0eb",
      "amount": 1,
      "front_layers": [
        {
          "blueprint_layer_id": "5111eb4c-4bb1-407c-8f7d-4c540a6850d3",
          "panels": [
            {
              "blueprint_panel_id": "0319a521-1d1d-44a4-be8c-c22e40757ca5",
              "type": "text",
              "data": {
                "text": "2"
              }
            },
            {
              "blueprint_panel_id": "e14cf13f-fd34-4ed5-bb6d-78021bdd7a2b",
              "type": "text",
              "data": {
                "text": "If you think hard enough about _______ , you'll be able to _______ ."
              }
            }
          ]
        }
      ]
    },
    {
      "card_id": "cfafcd66-bc15-4e9d-a6a3-c65f752efe7c",
      "amount": 1,
      "front_layers": [
        {
          "blueprint_layer_id": "5111eb4c-4bb1-407c-8f7d-4c540a6850d3",
          "panels": [
            {
              "blueprint_panel_id": "0319a521-1d1d-44a4-be8c-c22e40757ca5",
              "type": "text",
              "data": {
                "text": "2"
              }
            },
            {
              "blueprint_panel_id": "e14cf13f-fd34-4ed5-bb6d-78021bdd7a2b",
              "type": "text",
              "data": {
                "text": "Harrison didn't expect to get caught with _______ while he was _______ ."
              }
            }
          ]
        }
      ]
    },
    {
      "card_id": "7e01dc35-f4be-44d4-ae86-c3a7711a4e55",
      "amount": 1,
      "front_layers": [
        {
          "blueprint_layer_id": "5111eb4c-4bb1-407c-8f7d-4c540a6850d3",
          "panels": [
            {
              "blueprint_panel_id": "0319a521-1d1d-44a4-be8c-c22e40757ca5",
              "type": "text",
              "data": {
                "text": "2"
              }
            },
            {
              "blueprint_panel_id": "e14cf13f-fd34-4ed5-bb6d-78021bdd7a2b",
              "type": "text",
              "data": {
                "text": "From the creators of Sharktopiranha comes: _______ VS _______ , the ultimate combat."
              }
            }
          ]
        }
      ]
    }
  ]
}