{
  "version": 2.12,
  "cardset_id": "8881754d-8bff-44fb-b7bb-23fccabf3966",
  "name": "Answer cards",
  "blueprint_id": "fea7de26-e87d-4135-baaf-6f1f2bca12f2",
  "hint_order_index": 2,
  "cards": [
    {
      "card_id": "f4914056-82ea-4dcf-97ed-b2b444c13380",
      "amount": 1,
      "front_layers": [
        {
          "blueprint_layer_id": "ca084d3f-fd09-4724-b55d-b9995d6ac4bd",
          "panels": [
            {
              "blueprint_panel_id": "a5131d08-7f4f-4c0d-b7b1-de76ac2acf53",
              "type": "text",
              "data": {
                "text": "Diarrhea."
              }
            }
          ]
        }
      ]
    },
    {
      "card_id": "798920d1-4ed9-495b-88c5-03eebdac6f17",
      "amount": 1,
      "front_layers": [
        {
          "blueprint_layer_id": "ca084d3f-fd09-4724-b55d-b9995d6ac4bd",
          "panels": [
            {
              "blueprint_panel_id": "a5131d08-7f4f-4c0d-b7b1-de76ac2acf53",
              "type": "text",
              "data": {
                "text": "Love."
              }
            }
          ]
        }
      ]
    },
    {
      "card_id": "1843807d-3c63-404e-b1a8-f0c14e8bcff9",
      "amount": 1,
      "front_layers": [
        {
          "blueprint_layer_id": "ca084d3f-fd09-4724-b55d-b9995d6ac4bd",
          "panels": [
            {
              "blueprint_panel_id": "a5131d08-7f4f-4c0d-b7b1-de76ac2acf53",
              "type": "text",
              "data": {
                "text": "Share yoghurt with old people."
              }
            }
          ]
        }
      ]
    },
    {
      "card_id": "efdfeeae-9b0b-4b85-880d-e1ed53d2cf4f",
      "amount": 1,
      "front_layers": [
        {
          "blueprint_layer_id": "ca084d3f-fd09-4724-b55d-b9995d6ac4bd",
          "panels": [
            {
              "blueprint_panel_id": "a5131d08-7f4f-4c0d-b7b1-de76ac2acf53",
              "type": "text",
              "data": {
                "text": "Two dwarfs and a bucket."
              }
            }
          ]
        }
      ]
    },
    {
      "card_id": "b0e555d0-7ae8-487e-854c-1a7ce65ce41a",
      "amount": 1,
      "front_layers": [
        {
          "blueprint_layer_id": "ca084d3f-fd09-4724-b55d-b9995d6ac4bd",
          "panels": [
            {
              "blueprint_panel_id": "a5131d08-7f4f-4c0d-b7b1-de76ac2acf53",
              "type": "text",
              "data": {
                "text": "Feelings."
              }
            }
          ]
        }
      ]
    },
    {
      "card_id": "8f0f52a3-bbae-489f-aa42-5b22040f6ac7",
      "amount": 1,
      "front_layers": [
        {
          "blueprint_layer_id": "ca084d3f-fd09-4724-b55d-b9995d6ac4bd",
          "panels": [
            {
              "blueprint_panel_id": "a5131d08-7f4f-4c0d-b7b1-de76ac2acf53",
              "type": "text",
              "data": {
                "text": "Obama."
              }
            }
          ]
        }
      ]
    },
    {
      "card_id": "06e975b2-ef52-4fe9-95e0-dc424bc49524",
      "amount": 1,
      "front_layers": [
        {
          "blueprint_layer_id": "ca084d3f-fd09-4724-b55d-b9995d6ac4bd",
          "panels": [
            {
              "blueprint_panel_id": "a5131d08-7f4f-4c0d-b7b1-de76ac2acf53",
              "type": "text",
              "data": {
                "text": "Platipus."
              }
            }
          ]
        }
      ]
    },
    {
      "card_id": "4f628ef6-940a-47e9-86d7-d7103c4f5353",
      "amount": 1,
      "front_layers": [
        {
          "blueprint_layer_id": "ca084d3f-fd09-4724-b55d-b9995d6ac4bd",
          "panels": [
            {
              "blueprint_panel_id": "a5131d08-7f4f-4c0d-b7b1-de76ac2acf53",
              "type": "text",
              "data": {
                "text": "Fast food."
              }
            }
          ]
        }
      ]
    }
  ]
}