{
  "version": 2.12,
  "blueprint_id": "458faa5a-97a7-46d7-8a9c-c57293fdb7e0",
  "name": "Start_Fantasia",
  "layout_size": "63.5, 88.9",
  "layout_grid_size": "0.232, 0.1653543",
  "main_panel_id": "eaa3306d-4e9c-4470-8544-d58e941833f2",
  "front_layers": [
    {
      "layer_id": "751f0105-fdc2-4b58-b2df-82e47032b48b",
      "name": "Image",
      "padding": 0.0,
      "spacing": 0.0,
      "panels": [
        {
          "panel_id": "544ea7b7-91d1-4e8e-88f9-424a697207ad",
          "name": "",
          "enabled": true,
          "locked": false,
          "rotation": 0,
          "padding": "0, 0, 0, 0",
          "material_name": "Blank",
          "material_selection": 0,
          "material_tint": "#00000000",
          "anchor_min": "0, 0",
          "anchor_min_render": "0, 0",
          "anchor_max": "1, 1",
          "anchor_max_render": "1, 1",
          "type": "image",
          "data": {
            "uri": "%PROJECT%/02.jpg",
            "mask_uri": "",
            "fit_mode": "fit",
            "zoom": 1.0,
            "offset": "0, 0",
            "tint": "#FFFFFFFF"
          },
          "sort_mode": "0",
          "split_mode": "none",
          "parent_panel_id": "00000000-0000-0000-0000-000000000000"
        }
      ]
    },
    {
      "layer_id": "fd00a2df-db7b-444b-95fe-54f521b7c84d",
      "name": "Icon",
      "padding": 0.0,
      "spacing": 0.0,
      "panels": [
        {
          "panel_id": "5bfadc1e-b8cc-4776-b9f9-d2ddbaa391cf",
          "name": "",
          "enabled": true,
          "locked": false,
          "rotation": 0,
          "padding": "0, 0, 0, 0",
          "material_name": "Blank",
          "material_selection": 0,
          "material_tint": "#00000000",
          "anchor_min": "0, 0",
          "anchor_min_render": "0, -3.565138E-08",
          "anchor_max": "1, 0.1656874",
          "anchor_max_render": "1, 0.1656874",
          "type": "none",
          "data": {},
          "sort_mode": "1",
          "split_mode": "horizontal",
          "parent_panel_id": "00000000-0000-0000-0000-000000000000"
        },
        {
          "panel_id": "9df491c4-ddae-4d03-96c5-64219b52ea6b",
          "name": "",
          "enabled": true,
          "locked": false,
          "rotation": 0,
          "padding": "0, 0, 0, 0",
          "material_name": "Blank",
          "material_selection": 0,
          "material_tint": "#00000000",
          "anchor_min": "0, 0.1656874",
          "anchor_min_render": "0, 0.1656874",
          "anchor_max": "1, 0.3713278",
          "anchor_max_render": "1, 0.3713278",
          "type": "icon",
          "data": {
            "uri": "Other/wolf_howl",
            "color_tint": "#FFFFFFB4",
            "color_background": "#00000000"
          },
          "sort_mode": "2",
          "split_mode": "horizontal",
          "parent_panel_id": "00000000-0000-0000-0000-000000000000"
        },
        {
          "panel_id": "89837ade-749d-4168-8d11-0333eb1bda1b",
          "name": "",
          "enabled": true,
          "locked": false,
          "rotation": 0,
          "padding": "0, 0, 0, 0",
          "material_name": "Blank",
          "material_selection": 0,
          "material_tint": "#00000000",
          "anchor_min": "0, 0.3713278",
          "anchor_min_render": "0, 0.3713278",
          "anchor_max": "1, 1",
          "anchor_max_render": "1, 1",
          "type": "none",
          "data": {},
          "sort_mode": "3",
          "split_mode": "horizontal",
          "parent_panel_id": "00000000-0000-0000-0000-000000000000"
        }
      ]
    },
    {
      "layer_id": "ad85f6cb-0d13-470e-8969-d401caad79a2",
      "name": "Overlay",
      "padding": 0.0,
      "spacing": 0.0,
      "panels": [
        {
          "panel_id": "30bf3249-849a-4517-8e0c-fd244db0e206",
          "name": "",
          "enabled": true,
          "locked": true,
          "rotation": 0,
          "padding": "0, 0, 0, 0",
          "material_name": "Blank",
          "material_selection": 0,
          "material_tint": "#00000000",
          "anchor_min": "0, 0",
          "anchor_min_render": "0, 0",
          "anchor_max": "1, 1",
          "anchor_max_render": "1, 1",
          "type": "image",
          "data": {
            "uri": "%PROJECT%/overlay.png",
            "mask_uri": "",
            "fit_mode": "fit",
            "zoom": 1.0,
            "offset": "0, 0",
            "tint": "#FFFFFFFF"
          },
          "sort_mode": "4",
          "split_mode": "none",
          "parent_panel_id": "00000000-0000-0000-0000-000000000000"
        }
      ]
    },
    {
      "layer_id": "70330e1a-1004-44d9-8e39-95a1f64b01d3",
      "name": "Texts",
      "padding": 0.0,
      "spacing": 0.0,
      "panels": [
        {
          "panel_id": "1fda009c-a598-43be-a695-05d823e6679c",
          "name": "",
          "enabled": true,
          "locked": false,
          "rotation": 0,
          "padding": "0, 0, 0, 0",
          "material_name": "Blank",
          "material_selection": 0,
          "material_tint": "#00000000",
          "anchor_min": "0, 0",
          "anchor_min_render": "0, 0",
          "anchor_max": "1, 0.1445358",
          "anchor_max_render": "1, 0.1445358",
          "type": "none",
          "data": {},
          "sort_mode": "17",
          "split_mode": "horizontal",
          "parent_panel_id": "00000000-0000-0000-0000-000000000000"
        },
        {
          "panel_id": "18e2dc4b-dd20-4877-a878-613f58742f9b",
          "name": "",
          "enabled": true,
          "locked": true,
          "rotation": 0,
          "padding": "0, 0, 0.16, 0.11",
          "material_name": "Blank",
          "material_selection": 0,
          "material_tint": "#00000000",
          "anchor_min": "0, 0",
          "anchor_min_render": "-9.982385E-08, 0",
          "anchor_max": "0.5489061, 1",
          "anchor_max_render": "0.548906, 0.1445358",
          "type": "text",
          "data": {
            "font_family": "Lato",
            "font_preferred_size": 11,
            "line_spacing": 1.0,
            "text_anchor": "lowerleft",
            "text": " 2020 @ Start Fantasia Cards",
            "color": "#141414FF",
            "outline_length": 1.0,
            "outline_color": "#FFFFFF00"
          },
          "sort_mode": "5",
          "split_mode": "vertical",
          "parent_panel_id": "1fda009c-a598-43be-a695-05d823e6679c"
        },
        {
          "panel_id": "09a505b8-1a46-4ff0-9177-3c20ecbc6653",
          "name": "",
          "enabled": true,
          "locked": false,
          "rotation": 0,
          "padding": "0, 0, 0, 0",
          "material_name": "Blank",
          "material_selection": 0,
          "material_tint": "#00000000",
          "anchor_min": "0.5489061, 0",
          "anchor_min_render": "0.5489061, 0",
          "anchor_max": "1, 1",
          "anchor_max_render": "1, 0.1445358",
          "type": "text",
          "data": {
            "font_family": "Droid Sans",
            "font_preferred_size": 60,
            "line_spacing": 1.0,
            "text_anchor": "middlecenter",
            "text": "9001",
            "color": "#FFFFFFFF",
            "outline_length": 3.0,
            "outline_color": "#363636FF"
          },
          "sort_mode": "6",
          "split_mode": "vertical",
          "parent_panel_id": "1fda009c-a598-43be-a695-05d823e6679c"
        },
        {
          "panel_id": "2c8b6845-1921-460f-bbf4-808db342901f",
          "name": "",
          "enabled": true,
          "locked": false,
          "rotation": 0,
          "padding": "0.11, 0, 0.1, 0.03",
          "material_name": "Blank",
          "material_selection": 0,
          "material_tint": "#00000000",
          "anchor_min": "0, 0.1445358",
          "anchor_min_render": "0, 0.1445358",
          "anchor_max": "1, 0.3369128",
          "anchor_max_render": "1, 0.3369128",
          "type": "text",
          "data": {
            "font_family": "Lato",
            "font_preferred_size": 15,
            "line_spacing": 1.0,
            "text_anchor": "upperleft",
            "text": "Withdraw three cards from your deck.\n\n\n\n<i>\"Snorkel brings wisdom and random things for you\"</i>",
            "color": "#F5F5F5FF",
            "outline_length": 1.0,
            "outline_color": "#FFFFFF00"
          },
          "sort_mode": "7",
          "split_mode": "horizontal",
          "parent_panel_id": "00000000-0000-0000-0000-000000000000"
        },
        {
          "panel_id": "e6c4cb95-76ef-4db0-ab7f-0386f2106b47",
          "name": "",
          "enabled": true,
          "locked": false,
          "rotation": 0,
          "padding": "0, 0, 0, 0",
          "material_name": "Blank",
          "material_selection": 0,
          "material_tint": "#00000000",
          "anchor_min": "0, 0.3369128",
          "anchor_min_render": "0, 0.3369128",
          "anchor_max": "1, 0.3852349",
          "anchor_max_render": "1, 0.3852349",
          "type": "none",
          "data": {},
          "sort_mode": "11",
          "split_mode": "horizontal",
          "parent_panel_id": "00000000-0000-0000-0000-000000000000"
        },
        {
          "panel_id": "3af45872-a310-4f03-bd6d-b399aa7778b9",
          "name": "",
          "enabled": true,
          "locked": false,
          "rotation": 0,
          "padding": "0, 0, 0, 0",
          "material_name": "Blank",
          "material_selection": 0,
          "material_tint": "#00000000",
          "anchor_min": "0, 0",
          "anchor_min_render": "0, 0.3369128",
          "anchor_max": "0.2779495, 1",
          "anchor_max_render": "0.2779496, 0.3852349",
          "type": "text",
          "data": {
            "font_family": "Vollkorn",
            "font_preferred_size": 10,
            "line_spacing": 1.0,
            "text_anchor": "middlecenter",
            "text": "Forward",
            "color": "#FFFFFFFF",
            "outline_length": 1.0,
            "outline_color": "#FFFFFF00"
          },
          "sort_mode": "8",
          "split_mode": "vertical",
          "parent_panel_id": "e6c4cb95-76ef-4db0-ab7f-0386f2106b47"
        },
        {
          "panel_id": "f59d4273-d2be-4047-a8dc-b826f505e6e5",
          "name": "",
          "enabled": true,
          "locked": false,
          "rotation": 0,
          "padding": "0.2, 0, 0.2, 0",
          "material_name": "Blank",
          "material_selection": 0,
          "material_tint": "#00000000",
          "anchor_min": "0.2779495, 0",
          "anchor_min_render": "0.2779495, 0.3369128",
          "anchor_max": "0.7402292, 1",
          "anchor_max_render": "0.7402292, 0.3852349",
          "type": "text",
          "data": {
            "font_family": "Open Sans",
            "font_preferred_size": 12,
            "line_spacing": 1.0,
            "text_anchor": "middlecenter",
            "text": "<b>The mighty</b>",
            "color": "#FFFFFFFF",
            "outline_length": 1.0,
            "outline_color": "#FFFFFF00"
          },
          "sort_mode": "9",
          "split_mode": "vertical",
          "parent_panel_id": "e6c4cb95-76ef-4db0-ab7f-0386f2106b47"
        },
        {
          "panel_id": "7314140c-1518-4179-a97b-e717fa192e77",
          "name": "",
          "enabled": true,
          "locked": false,
          "rotation": 0,
          "padding": "0, 0, 0, 0",
          "material_name": "Blank",
          "material_selection": 0,
          "material_tint": "#00000000",
          "anchor_min": "0.7402292, 0",
          "anchor_min_render": "0.7402293, 0.3369128",
          "anchor_max": "1, 1",
          "anchor_max_render": "1, 0.3852349",
          "type": "none",
          "data": {},
          "sort_mode": "10",
          "split_mode": "vertical",
          "parent_panel_id": "e6c4cb95-76ef-4db0-ab7f-0386f2106b47"
        },
        {
          "panel_id": "55c8babe-bf79-4474-9e04-390ef78883b1",
          "name": "",
          "enabled": true,
          "locked": false,
          "rotation": 0,
          "padding": "0, 0, 0, 0",
          "material_name": "Blank",
          "material_selection": 0,
          "material_tint": "#00000000",
          "anchor_min": "0, 0.3852349",
          "anchor_min_render": "0, 0.385235",
          "anchor_max": "1, 0.4295302",
          "anchor_max_render": "1, 0.4295302",
          "type": "none",
          "data": {},
          "sort_mode": "6",
          "split_mode": "horizontal",
          "parent_panel_id": "00000000-0000-0000-0000-000000000000"
        },
        {
          "panel_id": "bd1601f8-0a28-4598-83fa-72498a52d2b1",
          "name": "",
          "enabled": true,
          "locked": false,
          "rotation": 0,
          "padding": "0, 0, 0, 0",
          "material_name": "Blank",
          "material_selection": 0,
          "material_tint": "#00000000",
          "anchor_min": "0, 0",
          "anchor_min_render": "0, 0.385235",
          "anchor_max": "0.6744242, 1",
          "anchor_max_render": "0.6744243, 0.4295302",
          "type": "none",
          "data": {},
          "sort_mode": "11",
          "split_mode": "vertical",
          "parent_panel_id": "55c8babe-bf79-4474-9e04-390ef78883b1"
        },
        {
          "panel_id": "1d8a5799-5f84-4180-9aa7-e9b5e5ed73d4",
          "name": "",
          "enabled": true,
          "locked": false,
          "rotation": 0,
          "padding": "0, 0, 0, 0",
          "material_name": "Blank",
          "material_selection": 0,
          "material_tint": "#00000000",
          "anchor_min": "0.6744242, 0",
          "anchor_min_render": "0.6744242, 0.385235",
          "anchor_max": "1, 1",
          "anchor_max_render": "1, 0.4295302",
          "type": "text",
          "data": {
            "font_family": "Vollkorn",
            "font_preferred_size": 10,
            "line_spacing": 1.0,
            "text_anchor": "middlecenter",
            "text": "DOG",
            "color": "#FFFFFFFF",
            "outline_length": 1.0,
            "outline_color": "#FFFFFF00"
          },
          "sort_mode": "12",
          "split_mode": "vertical",
          "parent_panel_id": "55c8babe-bf79-4474-9e04-390ef78883b1"
        },
        {
          "panel_id": "bd4dcda9-bba2-4cce-9c43-0ec47e9c19bc",
          "name": "",
          "enabled": true,
          "locked": false,
          "rotation": 0,
          "padding": "0, 0, 0, 0",
          "material_name": "Blank",
          "material_selection": 0,
          "material_tint": "#00000000",
          "anchor_min": "0, 0.4295302",
          "anchor_min_render": "0, 0.4295302",
          "anchor_max": "1, 1",
          "anchor_max_render": "1, 1",
          "type": "none",
          "data": {},
          "sort_mode": "4",
          "split_mode": "horizontal",
          "parent_panel_id": "00000000-0000-0000-0000-000000000000"
        },
        {
          "panel_id": "ea28095f-b5b4-4688-9e5f-e4cc77bd92e7",
          "name": "",
          "enabled": true,
          "locked": false,
          "rotation": 0,
          "padding": "0, 0, 0, 0",
          "material_name": "Blank",
          "material_selection": 0,
          "material_tint": "#00000000",
          "anchor_min": "0, 0",
          "anchor_min_render": "0, 0.4295302",
          "anchor_max": "0.1792421, 1",
          "anchor_max_render": "0.1792422, 1",
          "type": "none",
          "data": {},
          "sort_mode": "4",
          "split_mode": "vertical",
          "parent_panel_id": "bd4dcda9-bba2-4cce-9c43-0ec47e9c19bc"
        },
        {
          "panel_id": "8e5a27e3-51da-4dcb-864e-69288dc6140c",
          "name": "",
          "enabled": true,
          "locked": false,
          "rotation": 0,
          "padding": "0, 0, 0, 0",
          "material_name": "Blank",
          "material_selection": 0,
          "material_tint": "#00000000",
          "anchor_min": "0, 0",
          "anchor_min_render": "0, 0.4295302",
          "anchor_max": "1, 0.7035294",
          "anchor_max_render": "0.1792422, 0.8308724",
          "type": "none",
          "data": {},
          "sort_mode": "14",
          "split_mode": "horizontal",
          "parent_panel_id": "ea28095f-b5b4-4688-9e5f-e4cc77bd92e7"
        },
        {
          "panel_id": "72aee25b-309d-4fb5-a145-2dfff8d4e6f3",
          "name": "",
          "enabled": true,
          "locked": false,
          "rotation": 0,
          "padding": "0, 0, 0, 0.08",
          "material_name": "Blank",
          "material_selection": 0,
          "material_tint": "#00000000",
          "anchor_min": "0, 0.7035294",
          "anchor_min_render": "0, 0.8308724",
          "anchor_max": "1, 1",
          "anchor_max_render": "0.1792422, 1",
          "type": "text",
          "data": {
            "font_family": "Noto Sans",
            "font_preferred_size": 30,
            "line_spacing": 1.0,
            "text_anchor": "middlecenter",
            "text": "<b>5</b>",
            "color": "#FFFFFFFF",
            "outline_length": 1.0,
            "outline_color": "#000000FF"
          },
          "sort_mode": "15",
          "split_mode": "horizontal",
          "parent_panel_id": "ea28095f-b5b4-4688-9e5f-e4cc77bd92e7"
        },
        {
          "panel_id": "654cae08-4df7-4e28-901d-f8f49118fcec",
          "name": "",
          "enabled": true,
          "locked": false,
          "rotation": 0,
          "padding": "0, 0, 0, 0",
          "material_name": "Blank",
          "material_selection": 0,
          "material_tint": "#00000000",
          "anchor_min": "0.1792421, 0",
          "anchor_min_render": "0.1792421, 0.4295302",
          "anchor_max": "1, 1",
          "anchor_max_render": "1, 1",
          "type": "none",
          "data": {},
          "sort_mode": "6",
          "split_mode": "vertical",
          "parent_panel_id": "bd4dcda9-bba2-4cce-9c43-0ec47e9c19bc"
        },
        {
          "panel_id": "a327533d-4de1-4fcf-a280-f6eb20c77371",
          "name": "",
          "enabled": true,
          "locked": false,
          "rotation": 0,
          "padding": "0, 0, 0, 0",
          "material_name": "Blank",
          "material_selection": 0,
          "material_tint": "#00000000",
          "anchor_min": "0, 0",
          "anchor_min_render": "0.1792421, 0.4295302",
          "anchor_max": "1, 0.7020134",
          "anchor_max_render": "1, 0.8300077",
          "type": "none",
          "data": {},
          "sort_mode": "16",
          "split_mode": "horizontal",
          "parent_panel_id": "654cae08-4df7-4e28-901d-f8f49118fcec"
        },
        {
          "panel_id": "b9566c18-b9ad-40e2-86e4-5a8acd02e5e7",
          "name": "",
          "enabled": true,
          "locked": false,
          "rotation": 0,
          "padding": "0, 0, 0, 0.04",
          "material_name": "Blank",
          "material_selection": 0,
          "material_tint": "#00000000",
          "anchor_min": "0, 0.7020134",
          "anchor_min_render": "0.1792421, 0.8300077",
          "anchor_max": "1, 1",
          "anchor_max_render": "1, 1",
          "type": "text",
          "data": {
            "font_family": "Quicksand",
            "font_preferred_size": 24,
            "line_spacing": 1.0,
            "text_anchor": "middleleft",
            "text": "Snorkel",
            "color": "#FFFFFFFF",
            "outline_length": 1.0,
            "outline_color": "#FFFFFF00"
          },
          "sort_mode": "17",
          "split_mode": "horizontal",
          "parent_panel_id": "654cae08-4df7-4e28-901d-f8f49118fcec"
        }
      ]
    }
  ],
  "back_layers": [
    {
      "layer_id": "9bbb4b3b-edf8-4d62-9f6f-8aff19398972",
      "name": "Layer -1: Back",
      "padding": 2.638507E-05,
      "spacing": 0.025,
      "panels": [
        {
          "panel_id": "0c7c6f5b-f384-4a7c-815f-9e088f908d0b",
          "name": "",
          "enabled": true,
          "locked": false,
          "rotation": 0,
          "padding": "0, 0, 0, 0",
          "material_name": "Blank",
          "material_selection": 0,
          "material_tint": "#00000000",
          "anchor_min": "0, 0",
          "anchor_min_render": "0, 0",
          "anchor_max": "1, 1",
          "anchor_max_render": "1, 1",
          "type": "image",
          "data": {
            "uri": "%PROJECT%/DefaultCardBack.png",
            "mask_uri": "",
            "fit_mode": "fit",
            "zoom": 1.0,
            "offset": "0, 0",
            "tint": "#FFFFFFFF"
          },
          "sort_mode": "13",
          "split_mode": "none",
          "parent_panel_id": "00000000-0000-0000-0000-000000000000"
        }
      ]
    }
  ]
}