{
  "version": 2.12,
  "blueprint_id": "de5e71db-bb35-4587-a0db-dc0325dba49f",
  "name": "Magical Card",
  "layout_size": "63.5, 88.9",
  "layout_grid_size": "0.232, 0.1653543",
  "main_panel_id": "eaa3306d-4e9c-4470-8544-d58e941833f2",
  "front_layers": [
    {
      "layer_id": "4db24aee-0827-4b40-a68f-8dcc91ddcd80",
      "name": "01",
      "padding": 0.0,
      "spacing": 0.0,
      "panels": [
        {
          "panel_id": "fb5935b6-9085-4638-8a84-cdc91f0caa3c",
          "name": "",
          "enabled": true,
          "locked": true,
          "rotation": 0,
          "padding": "0, 0, 0, 0",
          "material_name": "Rounded",
          "material_selection": 32,
          "material_tint": "#080808FF",
          "anchor_min": "0, 0",
          "anchor_min_render": "0, 0",
          "anchor_max": "1, 1",
          "anchor_max_render": "1, 1",
          "type": "image",
          "data": {
            "uri": "%PROJECT%/01.png",
            "mask_uri": "",
            "fit_mode": "fit",
            "zoom": 1.0,
            "offset": "0, 0",
            "tint": "#080808FF"
          },
          "sort_mode": "0",
          "split_mode": "none",
          "parent_panel_id": "00000000-0000-0000-0000-000000000000"
        }
      ]
    },
    {
      "layer_id": "2869a96c-61b6-4bee-b65f-ddebe348ccf0",
      "name": "02",
      "padding": 0.0,
      "spacing": 0.0,
      "panels": [
        {
          "panel_id": "fc0163ad-a01b-4ecf-877a-81f0544fd995",
          "name": "",
          "enabled": true,
          "locked": false,
          "rotation": 0,
          "padding": "0, 0, 0, 0",
          "material_name": "Blank",
          "material_selection": 0,
          "material_tint": "#00000000",
          "anchor_min": "0, 0",
          "anchor_min_render": "0, 0",
          "anchor_max": "1, 1",
          "anchor_max_render": "1, 1",
          "type": "image",
          "data": {
            "uri": "%PROJECT%/02.png",
            "mask_uri": "",
            "fit_mode": "fit",
            "zoom": 1.0,
            "offset": "0, 0",
            "tint": "#D87D33FF"
          },
          "sort_mode": "1",
          "split_mode": "none",
          "parent_panel_id": "00000000-0000-0000-0000-000000000000"
        }
      ]
    },
    {
      "layer_id": "2b0efb6c-4a06-49e0-aabd-20f49f003bbd",
      "name": "03",
      "padding": 0.0,
      "spacing": 0.0,
      "panels": [
        {
          "panel_id": "434f7f75-a544-4b91-8dcb-3cf6ff10bd13",
          "name": "",
          "enabled": true,
          "locked": true,
          "rotation": 0,
          "padding": "0, 0, 0, 0",
          "material_name": "Blank",
          "material_selection": 0,
          "material_tint": "#00000000",
          "anchor_min": "0, 0",
          "anchor_min_render": "0, 0",
          "anchor_max": "1, 1",
          "anchor_max_render": "1, 1",
          "type": "image",
          "data": {
            "uri": "%PROJECT%/03.png",
            "mask_uri": "",
            "fit_mode": "fit",
            "zoom": 1.0,
            "offset": "0, 0",
            "tint": "#1F1F18FF"
          },
          "sort_mode": "2",
          "split_mode": "none",
          "parent_panel_id": "00000000-0000-0000-0000-000000000000"
        }
      ]
    },
    {
      "layer_id": "05c691a7-4c68-4763-bc85-365cd85863f0",
      "name": "04",
      "padding": 0.0,
      "spacing": 0.0,
      "panels": [
        {
          "panel_id": "10724591-d42e-413c-aa32-6c5fa3469329",
          "name": "",
          "enabled": true,
          "locked": true,
          "rotation": 0,
          "padding": "0, 0, 0, 0",
          "material_name": "Blank",
          "material_selection": 0,
          "material_tint": "#00000000",
          "anchor_min": "0, 0",
          "anchor_min_render": "0, 0",
          "anchor_max": "1, 1",
          "anchor_max_render": "1, 1",
          "type": "image",
          "data": {
            "uri": "%PROJECT%/04.png",
            "mask_uri": "",
            "fit_mode": "fit",
            "zoom": 1.0,
            "offset": "0, 0",
            "tint": "#D3CFBEFF"
          },
          "sort_mode": "3",
          "split_mode": "none",
          "parent_panel_id": "00000000-0000-0000-0000-000000000000"
        }
      ]
    },
    {
      "layer_id": "0ecdb81b-f07b-4ff3-9889-d62239ef7ba9",
      "name": "Image",
      "padding": 0.0,
      "spacing": 0.0,
      "panels": [
        {
          "panel_id": "78e8821a-5b8d-4653-937c-95cc9bb3b58a",
          "name": "",
          "enabled": true,
          "locked": false,
          "rotation": 0,
          "padding": "0.13, 0.09, 0.47, 0.09",
          "material_name": "Blank",
          "material_selection": 0,
          "material_tint": "#00000000",
          "anchor_min": "0, 0",
          "anchor_min_render": "0, 0",
          "anchor_max": "1, 1",
          "anchor_max_render": "1, 1",
          "type": "image",
          "data": {
            "uri": "%PROJECT%/11.jpg",
            "mask_uri": "",
            "fit_mode": "fit",
            "zoom": 1.0,
            "offset": "0, 0",
            "tint": "#FFFFFFFF"
          },
          "sort_mode": "4",
          "split_mode": "none",
          "parent_panel_id": "00000000-0000-0000-0000-000000000000"
        }
      ]
    },
    {
      "layer_id": "817e451b-0c9d-4d69-a5c0-ac0ccbf0fe54",
      "name": "Background Icon Shadow",
      "padding": 0.0,
      "spacing": 0.0,
      "panels": [
        {
          "panel_id": "67aff439-3f0b-42fe-b82f-87520c64a911",
          "name": "",
          "enabled": true,
          "locked": false,
          "rotation": 0,
          "padding": "0, 0, 0, 0",
          "material_name": "Blank",
          "material_selection": 0,
          "material_tint": "#00000000",
          "anchor_min": "0, 0",
          "anchor_min_render": "0, 3.565138E-08",
          "anchor_max": "1, 0.09127517",
          "anchor_max_render": "1, 0.09127519",
          "type": "none",
          "data": {},
          "sort_mode": "5",
          "split_mode": "horizontal",
          "parent_panel_id": "00000000-0000-0000-0000-000000000000"
        },
        {
          "panel_id": "4dc65143-0fd5-4ef4-8275-1e30d1e29369",
          "name": "",
          "enabled": true,
          "locked": false,
          "rotation": 0,
          "padding": "0, 0.09, 0, 0.09",
          "material_name": "Blank",
          "material_selection": 0,
          "material_tint": "#00000000",
          "anchor_min": "0, 0.09127517",
          "anchor_min_render": "0, 0.09127519",
          "anchor_max": "1, 0.3731544",
          "anchor_max_render": "1, 0.3731544",
          "type": "icon",
          "data": {
            "uri": "Nature/an2_wheat",
            "color_tint": "#01010101",
            "color_background": "#00000000"
          },
          "sort_mode": "6",
          "split_mode": "horizontal",
          "parent_panel_id": "00000000-0000-0000-0000-000000000000"
        },
        {
          "panel_id": "9b59bcb3-44fa-4ac0-bb61-c9c88b8c4cff",
          "name": "",
          "enabled": true,
          "locked": false,
          "rotation": 0,
          "padding": "0, 0, 0, 0",
          "material_name": "Blank",
          "material_selection": 0,
          "material_tint": "#00000000",
          "anchor_min": "0, 0.3731544",
          "anchor_min_render": "0, 0.3731544",
          "anchor_max": "1, 1",
          "anchor_max_render": "1, 1",
          "type": "none",
          "data": {},
          "sort_mode": "7",
          "split_mode": "horizontal",
          "parent_panel_id": "00000000-0000-0000-0000-000000000000"
        }
      ]
    },
    {
      "layer_id": "f27d93ea-74b4-4525-90d3-cc439fba6b27",
      "name": "Background Icon",
      "padding": 0.0,
      "spacing": 0.0,
      "panels": [
        {
          "panel_id": "00ae422c-56d0-4d4e-bed7-687f8f041d5d",
          "name": "",
          "enabled": true,
          "locked": false,
          "rotation": 0,
          "padding": "0, 0, 0, 0",
          "material_name": "Blank",
          "material_selection": 0,
          "material_tint": "#00000000",
          "anchor_min": "0, 0",
          "anchor_min_render": "0, 0",
          "anchor_max": "1, 0.08993289",
          "anchor_max_render": "1, 0.08993288",
          "type": "none",
          "data": {},
          "sort_mode": "8",
          "split_mode": "horizontal",
          "parent_panel_id": "00000000-0000-0000-0000-000000000000"
        },
        {
          "panel_id": "d3a9b059-3fd9-4729-bf57-a8abf2c71294",
          "name": "",
          "enabled": true,
          "locked": false,
          "rotation": 0,
          "padding": "0, 0.09, 0, 0.09",
          "material_name": "Blank",
          "material_selection": 0,
          "material_tint": "#00000000",
          "anchor_min": "0, 0.08993289",
          "anchor_min_render": "0, 0.08993288",
          "anchor_max": "1, 0.3731544",
          "anchor_max_render": "1, 0.3731544",
          "type": "icon",
          "data": {
            "uri": "Nature/an2_wheat",
            "color_tint": "#FDFFFF14",
            "color_background": "#00000000"
          },
          "sort_mode": "9",
          "split_mode": "horizontal",
          "parent_panel_id": "00000000-0000-0000-0000-000000000000"
        },
        {
          "panel_id": "db201b62-d786-487a-94d4-e962c465b97b",
          "name": "",
          "enabled": true,
          "locked": false,
          "rotation": 0,
          "padding": "0, 0, 0, 0",
          "material_name": "Blank",
          "material_selection": 0,
          "material_tint": "#00000000",
          "anchor_min": "0, 0.3731544",
          "anchor_min_render": "0, 0.3731544",
          "anchor_max": "1, 1",
          "anchor_max_render": "1, 1",
          "type": "none",
          "data": {},
          "sort_mode": "10",
          "split_mode": "horizontal",
          "parent_panel_id": "00000000-0000-0000-0000-000000000000"
        }
      ]
    },
    {
      "layer_id": "8adadfbf-de71-4026-b4cb-e81f52a6f6d3",
      "name": "Texts",
      "padding": 0.0,
      "spacing": 0.03,
      "panels": [
        {
          "panel_id": "072ea853-6bc1-4765-9623-07f21bb85572",
          "name": "",
          "enabled": true,
          "locked": true,
          "rotation": 0,
          "padding": "0, 0.09, 0, 0",
          "material_name": "Blank",
          "material_selection": 0,
          "material_tint": "#00000000",
          "anchor_min": "0, 0",
          "anchor_min_render": "0, 0",
          "anchor_max": "1, 0.08343126",
          "anchor_max_render": "1, 0.07271697",
          "type": "text",
          "data": {
            "font_family": "Lato",
            "font_preferred_size": 10,
            "line_spacing": 1.0,
            "text_anchor": "upperright",
            "text": "<b>2019 @ Magical Cards</b>",
            "color": "#FFFFFFFF",
            "outline_length": 1.0,
            "outline_color": "#FFFFFF00"
          },
          "sort_mode": "11",
          "split_mode": "horizontal",
          "parent_panel_id": "00000000-0000-0000-0000-000000000000"
        },
        {
          "panel_id": "3d07920d-6b8e-404b-996a-de4b2f9609c4",
          "name": "",
          "enabled": true,
          "locked": false,
          "rotation": 0,
          "padding": "0.01, 0.11, 0, 0.11",
          "material_name": "Blank",
          "material_selection": 0,
          "material_tint": "#00000000",
          "anchor_min": "0, 0.08343126",
          "anchor_min_render": "0, 0.09414559",
          "anchor_max": "1, 0.3760282",
          "anchor_max_render": "1, 0.3653139",
          "type": "text",
          "data": {
            "font_family": "Vollkorn",
            "font_preferred_size": 24,
            "line_spacing": 1.0,
            "text_anchor": "upperleft",
            "text": "Lorem <b>ipsum</b> dolor {fire} {skull} {sun} {tree} {water} sit amet, <i>consectetur adipiscing</i> elit, sed do eiusmod <b>tempor incididunt</b> ut <i>labore</i> et dolore magna aliqua. <size=16>Lorem ipsum</size>",
            "color": "#191919FF",
            "outline_length": 1.0,
            "outline_color": "#FFFFFF00"
          },
          "sort_mode": "12",
          "split_mode": "horizontal",
          "parent_panel_id": "00000000-0000-0000-0000-000000000000"
        },
        {
          "panel_id": "8be4bf93-311d-46a7-9c47-93e46f1c177d",
          "name": "",
          "enabled": true,
          "locked": false,
          "rotation": 0,
          "padding": "0, 1, 0, 1",
          "material_name": "Blank",
          "material_selection": 0,
          "material_tint": "#00000000",
          "anchor_min": "0, 0.3760282",
          "anchor_min_render": "0, 0.3867425",
          "anchor_max": "1, 0.4582844",
          "anchor_max_render": "1, 0.4475701",
          "type": "text",
          "data": {
            "font_family": "Vollkorn",
            "font_preferred_size": 24,
            "line_spacing": 1.0,
            "text_anchor": "lowerleft",
            "text": "<b>Landscape - City</b>",
            "color": "#00000080",
            "outline_length": 1.0,
            "outline_color": "#FFFFFF80"
          },
          "sort_mode": "10",
          "split_mode": "horizontal",
          "parent_panel_id": "00000000-0000-0000-0000-000000000000"
        },
        {
          "panel_id": "9aaf87a9-94e5-486e-8846-7bcb2aeafd88",
          "name": "",
          "enabled": true,
          "locked": false,
          "rotation": 0,
          "padding": "0, 1, 0, 1",
          "material_name": "Blank",
          "material_selection": 0,
          "material_tint": "#00000000",
          "anchor_min": "0, 0",
          "anchor_min_render": "-9.982385E-08, 0.3867425",
          "anchor_max": "0.07559936, 1",
          "anchor_max_render": "0.06059937, 0.4475701",
          "type": "none",
          "data": {},
          "sort_mode": "13",
          "split_mode": "vertical",
          "parent_panel_id": "8be4bf93-311d-46a7-9c47-93e46f1c177d"
        },
        {
          "panel_id": "3fa11519-acd6-4491-a78a-9589e53cb0ec",
          "name": "",
          "enabled": true,
          "locked": false,
          "rotation": 0,
          "padding": "0, 0.09, 0, 0",
          "material_name": "Blank",
          "material_selection": 0,
          "material_tint": "#00000000",
          "anchor_min": "0.07559936, 0",
          "anchor_min_render": "0.09059933, 0.3867425",
          "anchor_max": "1, 1",
          "anchor_max_render": "1, 0.4475701",
          "type": "text",
          "data": {
            "font_family": "Vollkorn",
            "font_preferred_size": 24,
            "line_spacing": 1.0,
            "text_anchor": "middleleft",
            "text": "<b>Type - Name</b>",
            "color": "#191919FF",
            "outline_length": 1.0,
            "outline_color": "#FFFFFF00"
          },
          "sort_mode": "14",
          "split_mode": "vertical",
          "parent_panel_id": "8be4bf93-311d-46a7-9c47-93e46f1c177d"
        },
        {
          "panel_id": "42fb4bca-a482-4e4b-8b2d-7e08e557d40a",
          "name": "",
          "enabled": true,
          "locked": false,
          "rotation": 0,
          "padding": "0, 0, 0, 0",
          "material_name": "Blank",
          "material_selection": 0,
          "material_tint": "#00000000",
          "anchor_min": "0, 0.4582844",
          "anchor_min_render": "0, 0.4689987",
          "anchor_max": "1, 0.8707403",
          "anchor_max_render": "1, 0.860026",
          "type": "none",
          "data": {},
          "sort_mode": "15",
          "split_mode": "horizontal",
          "parent_panel_id": "00000000-0000-0000-0000-000000000000"
        },
        {
          "panel_id": "85303be1-338f-4eaf-b4e5-2c359fb20e5f",
          "name": "",
          "enabled": true,
          "locked": false,
          "rotation": 0,
          "padding": "0.3, 0.07, 0, 0.08",
          "material_name": "Blank",
          "material_selection": 0,
          "material_tint": "#00000000",
          "anchor_min": "0, 0.8707403",
          "anchor_min_render": "0, 0.8814546",
          "anchor_max": "1, 1",
          "anchor_max_render": "1, 1",
          "type": "text",
          "data": {
            "font_family": "Vollkorn",
            "font_preferred_size": 24,
            "line_spacing": 1.0,
            "text_anchor": "middleleft",
            "text": "<b>Title</b>",
            "color": "#191919FF",
            "outline_length": 1.0,
            "outline_color": "#FFFFFF00"
          },
          "sort_mode": "16",
          "split_mode": "horizontal",
          "parent_panel_id": "00000000-0000-0000-0000-000000000000"
        }
      ]
    },
    {
      "layer_id": "52f84dc5-1037-4cbc-a87e-39a47da98956",
      "name": "Icons",
      "padding": 0.0,
      "spacing": 0.03,
      "panels": [
        {
          "panel_id": "57345f68-0043-40df-8597-1902d3ea8a5f",
          "name": "",
          "enabled": true,
          "locked": false,
          "rotation": 0,
          "padding": "0, 0, 0, 0",
          "material_name": "Blank",
          "material_selection": 0,
          "material_tint": "#00000000",
          "anchor_min": "0, 0",
          "anchor_min_render": "0, 3.565138E-08",
          "anchor_max": "1, 0.3676444",
          "anchor_max_render": "1, 0.3569301",
          "type": "none",
          "data": {},
          "sort_mode": "17",
          "split_mode": "horizontal",
          "parent_panel_id": "00000000-0000-0000-0000-000000000000"
        },
        {
          "panel_id": "ee419c1d-02a4-42ef-a65f-fd499e3d033e",
          "name": "",
          "enabled": true,
          "locked": false,
          "rotation": 0,
          "padding": "0, 0, 0, 0",
          "material_name": "Blank",
          "material_selection": 0,
          "material_tint": "#00000000",
          "anchor_min": "0, 0.3676444",
          "anchor_min_render": "0, 0.3783586",
          "anchor_max": "1, 0.4712103",
          "anchor_max_render": "1, 0.460496",
          "type": "none",
          "data": {},
          "sort_mode": "20",
          "split_mode": "horizontal",
          "parent_panel_id": "00000000-0000-0000-0000-000000000000"
        },
        {
          "panel_id": "85811be4-ef19-4968-a489-ad1aab2f8212",
          "name": "",
          "enabled": true,
          "locked": false,
          "rotation": 0,
          "padding": "0, 0, 0, 0",
          "material_name": "Blank",
          "material_selection": 0,
          "material_tint": "#00000000",
          "anchor_min": "0, 0",
          "anchor_min_render": "9.982385E-08, 0.3783586",
          "anchor_max": "0.8175499, 1",
          "anchor_max_render": "0.80255, 0.460496",
          "type": "none",
          "data": {},
          "sort_mode": "19",
          "split_mode": "vertical",
          "parent_panel_id": "ee419c1d-02a4-42ef-a65f-fd499e3d033e"
        },
        {
          "panel_id": "1f940770-66cb-4dfa-8917-e36b5151a2c9",
          "name": "",
          "enabled": true,
          "locked": false,
          "rotation": 0,
          "padding": "0.1, 0, 0.1, 0",
          "material_name": "Blank",
          "material_selection": 0,
          "material_tint": "#00000000",
          "anchor_min": "0.8175499, 0",
          "anchor_min_render": "0.8325498, 0.3783586",
          "anchor_max": "0.9409342, 1",
          "anchor_max_render": "0.9259343, 0.460496",
          "type": "icon",
          "data": {
            "uri": "Nature/an2_olive",
            "color_tint": "#2A2A2AFF",
            "color_background": "#00000000"
          },
          "sort_mode": "20",
          "split_mode": "vertical",
          "parent_panel_id": "ee419c1d-02a4-42ef-a65f-fd499e3d033e"
        },
        {
          "panel_id": "dc2542ed-9ff2-44e7-99b2-ea106966edc3",
          "name": "",
          "enabled": true,
          "locked": false,
          "rotation": 0,
          "padding": "0, 0, 0, 0",
          "material_name": "Blank",
          "material_selection": 0,
          "material_tint": "#00000000",
          "anchor_min": "0.9409342, 0",
          "anchor_min_render": "0.9559343, 0.3783586",
          "anchor_max": "1, 1",
          "anchor_max_render": "1, 0.460496",
          "type": "icon",
          "data": {
            "uri": "/",
            "color_tint": "#424242FF",
            "color_background": "#00000000"
          },
          "sort_mode": "21",
          "split_mode": "vertical",
          "parent_panel_id": "ee419c1d-02a4-42ef-a65f-fd499e3d033e"
        },
        {
          "panel_id": "10535434-b4ad-45f1-b9e4-405e4e1d10fe",
          "name": "",
          "enabled": true,
          "locked": false,
          "rotation": 0,
          "padding": "0, 0, 0, 0",
          "material_name": "Blank",
          "material_selection": 0,
          "material_tint": "#00000000",
          "anchor_min": "0, 0.4712103",
          "anchor_min_render": "0, 0.4819246",
          "anchor_max": "1, 0.8742656",
          "anchor_max_render": "1, 0.8635513",
          "type": "none",
          "data": {},
          "sort_mode": "22",
          "split_mode": "horizontal",
          "parent_panel_id": "00000000-0000-0000-0000-000000000000"
        },
        {
          "panel_id": "bde3ba80-d9c6-4bb8-87e4-0f6f6a15ec0a",
          "name": "",
          "enabled": true,
          "locked": false,
          "rotation": 0,
          "padding": "0, 0, 0, 0",
          "material_name": "Blank",
          "material_selection": 0,
          "material_tint": "#00000000",
          "anchor_min": "0, 0.8742656",
          "anchor_min_render": "0, 0.8849798",
          "anchor_max": "1, 1",
          "anchor_max_render": "1, 0.9999999",
          "type": "none",
          "data": {},
          "sort_mode": "13",
          "split_mode": "horizontal",
          "parent_panel_id": "00000000-0000-0000-0000-000000000000"
        },
        {
          "panel_id": "ffc66e50-fa1b-4aad-8de4-27ea8a88f5ae",
          "name": "",
          "enabled": true,
          "locked": false,
          "rotation": 0,
          "padding": "0, 0, 0, 0",
          "material_name": "Blank",
          "material_selection": 0,
          "material_tint": "#00000000",
          "anchor_min": "0, 0",
          "anchor_min_render": "0, 0.8849798",
          "anchor_max": "0.8010987, 1",
          "anchor_max_render": "0.7860988, 0.9999999",
          "type": "none",
          "data": {},
          "sort_mode": "23",
          "split_mode": "vertical",
          "parent_panel_id": "bde3ba80-d9c6-4bb8-87e4-0f6f6a15ec0a"
        },
        {
          "panel_id": "e189eaf4-6ee6-4a62-82a9-9bbb333ceb4a",
          "name": "",
          "enabled": true,
          "locked": false,
          "rotation": 0,
          "padding": "0.38, 0, 0.04, 0",
          "material_name": "Blank",
          "material_selection": 0,
          "material_tint": "#00000000",
          "anchor_min": "0.8010987, 0",
          "anchor_min_render": "0.8160988, 0.8849798",
          "anchor_max": "0.9475147, 1",
          "anchor_max_render": "0.9325149, 0.9999999",
          "type": "icon",
          "data": {
            "uri": "Nature/an2_pine_tree",
            "color_tint": "#282828FF",
            "color_background": "#00000000"
          },
          "sort_mode": "24",
          "split_mode": "vertical",
          "parent_panel_id": "bde3ba80-d9c6-4bb8-87e4-0f6f6a15ec0a"
        },
        {
          "panel_id": "becd914a-93cf-4486-a13e-8a22122a41aa",
          "name": "",
          "enabled": true,
          "locked": false,
          "rotation": 0,
          "padding": "0, 0, 0, 0",
          "material_name": "Blank",
          "material_selection": 0,
          "material_tint": "#00000000",
          "anchor_min": "0.9475147, 0",
          "anchor_min_render": "0.9625148, 0.8849798",
          "anchor_max": "1, 1",
          "anchor_max_render": "1, 0.9999999",
          "type": "icon",
          "data": {
            "uri": "/",
            "color_tint": "#424242FF",
            "color_background": "#00000000"
          },
          "sort_mode": "25",
          "split_mode": "vertical",
          "parent_panel_id": "bde3ba80-d9c6-4bb8-87e4-0f6f6a15ec0a"
        }
      ]
    }
  ],
  "back_layers": [
    {
      "layer_id": "a8498efa-ed95-4f4d-9496-26cf8c3d1296",
      "name": "Layer -1: Back",
      "padding": 2.638507E-05,
      "spacing": 0.025,
      "panels": [
        {
          "panel_id": "7cf9a442-35ba-4bec-ae15-ed0c8ebe5198",
          "name": "",
          "enabled": true,
          "locked": false,
          "rotation": 0,
          "padding": "0, 0, 0, 0",
          "material_name": "Rounded",
          "material_selection": 32,
          "material_tint": "#000000FF",
          "anchor_min": "0, 0",
          "anchor_min_render": "0, 0",
          "anchor_max": "1, 1",
          "anchor_max_render": "1, 1",
          "type": "image",
          "data": {
            "uri": "",
            "mask_uri": "",
            "fit_mode": "fit",
            "zoom": 1.0,
            "offset": "0, 0",
            "tint": "#000000FF"
          },
          "sort_mode": "18",
          "split_mode": "none",
          "parent_panel_id": "00000000-0000-0000-0000-000000000000"
        }
      ]
    }
  ]
}