{
  "version": 2.12,
  "blueprint_id": "fea7de26-e87d-4135-baaf-6f1f2bca12f2",
  "name": "Answer",
  "layout_size": "63.5, 88.9",
  "layout_grid_size": "0.232, 0.232",
  "main_panel_id": "a5131d08-7f4f-4c0d-b7b1-de76ac2acf53",
  "front_layers": [
    {
      "layer_id": "5111eb4c-4bb1-407c-8f7d-4c540a6850d3",
      "name": "Background",
      "padding": 0.002576124,
      "spacing": 0.025,
      "panels": [
        {
          "panel_id": "b155703a-8a4d-4ee6-b08b-0796511d8a88",
          "name": "",
          "enabled": true,
          "locked": true,
          "rotation": 0,
          "padding": "0, 0, 0, 0",
          "material_name": "Blank",
          "material_selection": 0,
          "material_tint": "#00000000",
          "anchor_min": "0, 0",
          "anchor_min_render": "0, 0",
          "anchor_max": "1, 1",
          "anchor_max_render": "1, 1",
          "type": "image",
          "data": {
            "uri": "",
            "mask_uri": "",
            "fit_mode": "fit",
            "zoom": 1.0,
            "offset": "0, 0",
            "tint": "#FFFFFFFF"
          },
          "sort_mode": "0",
          "split_mode": "none",
          "parent_panel_id": "00000000-0000-0000-0000-000000000000"
        }
      ]
    },
    {
      "layer_id": "ca084d3f-fd09-4724-b55d-b9995d6ac4bd",
      "name": "Content",
      "padding": 0.1922717,
      "spacing": 0.0,
      "panels": [
        {
          "panel_id": "30529d54-7443-4cce-8926-1c5193a35293",
          "name": "",
          "enabled": true,
          "locked": false,
          "rotation": 0,
          "padding": "0, 0, 0, 0",
          "material_name": "Blank",
          "material_selection": 0,
          "material_tint": "#00000000",
          "anchor_min": "0, 0",
          "anchor_min_render": "0, 0",
          "anchor_max": "1, 0.1296296",
          "anchor_max_render": "1, 0.1296295",
          "type": "none",
          "data": {},
          "sort_mode": "-1",
          "split_mode": "horizontal",
          "parent_panel_id": "00000000-0000-0000-0000-000000000000"
        },
        {
          "panel_id": "1d6ed1d9-dfbf-4a60-92f7-c5463a5e96b9",
          "name": "",
          "enabled": true,
          "locked": true,
          "rotation": 0,
          "padding": "0, 0, 0, 0",
          "material_name": "Blank",
          "material_selection": 0,
          "material_tint": "#00000000",
          "anchor_min": "0, 0",
          "anchor_min_render": "0, 0",
          "anchor_max": "0.1842106, 1",
          "anchor_max_render": "0.1842105, 0.1296295",
          "type": "icon",
          "data": {
            "uri": "Tabletop/tt1_card_poker_hand",
            "color_tint": "#000000FF",
            "color_background": "#00000000"
          },
          "sort_mode": "1",
          "split_mode": "vertical",
          "parent_panel_id": "30529d54-7443-4cce-8926-1c5193a35293"
        },
        {
          "panel_id": "ed070279-2585-4535-a831-048dbff52da1",
          "name": "",
          "enabled": true,
          "locked": true,
          "rotation": 0,
          "padding": "0, 0, 0, 0",
          "material_name": "Blank",
          "material_selection": 0,
          "material_tint": "#00000000",
          "anchor_min": "0.1842106, 0",
          "anchor_min_render": "0.1842107, 0",
          "anchor_max": "1, 1",
          "anchor_max_render": "1, 0.1296295",
          "type": "text",
          "data": {
            "font_family": "Ubuntu",
            "font_preferred_size": 17,
            "line_spacing": 1.0,
            "text_anchor": "middleleft",
            "text": "Cards against people",
            "color": "#000000FF",
            "outline_length": 1.0,
            "outline_color": "#FFFFFF00"
          },
          "sort_mode": "2",
          "split_mode": "vertical",
          "parent_panel_id": "30529d54-7443-4cce-8926-1c5193a35293"
        },
        {
          "panel_id": "a5131d08-7f4f-4c0d-b7b1-de76ac2acf53",
          "name": "",
          "enabled": true,
          "locked": false,
          "rotation": 0,
          "padding": "0, 0, 0, 0",
          "material_name": "Blank",
          "material_selection": 0,
          "material_tint": "#00000000",
          "anchor_min": "0, 0.1296296",
          "anchor_min_render": "0, 0.1296295",
          "anchor_max": "1, 1",
          "anchor_max_render": "1, 0.9999999",
          "type": "text",
          "data": {
            "font_family": "Ubuntu",
            "font_preferred_size": 28,
            "line_spacing": 1.0,
            "text_anchor": "upperleft",
            "text": "This is a sample answer card.",
            "color": "#000000FF",
            "outline_length": 1.0,
            "outline_color": "#FFFFFF00"
          },
          "sort_mode": "3",
          "split_mode": "horizontal",
          "parent_panel_id": "00000000-0000-0000-0000-000000000000"
        }
      ]
    }
  ],
  "back_layers": [
    {
      "layer_id": "f79120bb-435e-4b12-8ed7-dc076f835a5a",
      "name": "Back",
      "padding": 2.638507E-05,
      "spacing": 0.025,
      "panels": [
        {
          "panel_id": "de0430e8-9666-415b-ba99-76a06aadd0e5",
          "name": "",
          "enabled": true,
          "locked": false,
          "rotation": 0,
          "padding": "0, 0, 0, 0",
          "material_name": "Blank",
          "material_selection": 0,
          "material_tint": "#00000000",
          "anchor_min": "0, 0",
          "anchor_min_render": "0, 0",
          "anchor_max": "1, 1",
          "anchor_max_render": "1, 1",
          "type": "image",
          "data": {
            "uri": "",
            "mask_uri": "",
            "fit_mode": "fit",
            "zoom": 1.0,
            "offset": "0, 0",
            "tint": "#FFFFFFFF"
          },
          "sort_mode": "4",
          "split_mode": "none",
          "parent_panel_id": "00000000-0000-0000-0000-000000000000"
        }
      ]
    }
  ]
}